49;8;56;22;32712
49;8;56;22;32574
49;9;56;23;32407
49;9;56;23;32141
49;9;56;23;30798
49;9;56;23;29071
59;-1;67;13;25469
31;9;38;20;24736
31;9;38;19;22254
31;9;38;20;18420
49;9;56;23;16383
57;1;65;13;16383
58;-1;66;13;15361
31;9;37;20;15361
60;0;67;13;14346
59;0;67;14;14346
57;1;65;12;13346
7;1;12;5;11424
49;7;57;21;8812
60;0;66;11;8415
31;9;37;19;8415
49;8;56;22;8415
48;8;56;22;8030
25;5;31;18;7657
32;9;38;19;7297
49;9;56;20;6949
30;9;36;20;6613
31;9;38;19;6613
60;2;66;13;6289
27;7;35;18;5977
49;10;56;23;5678
68;11;74;20;5390
32;9;38;20;5115
7;0;10;5;4851
60;2;66;13;4851
69;8;75;19;4851
25;7;31;18;4851
94;23;99;30;4851
94;23;100;34;4851
5;0;12;6;4357
7;0;12;5;4357
68;10;74;21;4357
6;17;9;23;4357
81;47;85;52;4357
93;54;96;60;4357
57;0;65;14;4357
68;11;74;22;4357
16;1;21;7;4126
60;1;66;10;4126
97;8;100;14;4126
95;24;99;32;4126
25;5;31;18;3905
25;7;31;16;3905
96;6;99;14;3905
31;9;37;20;3905
65;17;71;28;3905
81;46;85;52;3905
99;52;100;57;3905
92;54;96;60;3905
24;5;31;18;3905
25;6;33;19;3696
25;8;31;17;3696
49;9;56;20;3696
6;16;9;23;3696
56;-1;66;13;3696
9;0;12;5;3495
59;-1;67;12;3495
1;1;4;9;3495
6;0;11;6;3495
69;8;75;17;3495
68;13;73;19;3495
69;9;75;21;3495
31;12;37;21;3495
50;12;56;23;3495
58;15;64;26;3495
69;13;74;22;3495
68;11;74;22;3495
78;9;85;24;3495
80;10;86;24;3495
85;13;92;25;3495
6;17;9;23;3495
6;17;9;23;3495
67;13;74;26;3495
86;22;89;28;3495
86;22;89;28;3495
96;23;99;30;3495
81;27;88;38;3495
89;30;92;34;3495
81;29;88;38;3495
94;27;100;42;3495
80;46;83;52;3495
78;46;85;54;3495
24;45;31;56;3495
81;49;85;53;3495
81;48;85;54;3495
16;0;22;9;3305
49;9;56;21;3305
71;7;76;15;3305
78;9;86;23;3305
4;13;10;23;3305
70;12;76;23;3305
96;42;99;48;3305
0;0;3;5;3124
6;-1;13;5;3124
96;0;100;6;3124
0;2;3;8;3124
7;2;10;6;3124
6;0;13;6;3124
16;2;20;8;3124
16;1;22;10;3124
16;1;21;7;3124
60;0;68;11;3124
67;-1;75;9;3124
13;3;21;17;3124
23;4;31;18;3124
61;2;67;13;3124
69;5;75;16;3124
3;9;9;20;3124
25;7;31;16;3124
29;8;35;17;3124
59;1;67;15;3124
71;8;76;14;3124
70;6;76;16;3124
71;6;78;17;3124
85;6;93;19;3124
96;5;100;16;3124
5;13;8;17;3124
4;12;9;20;3124
16;9;20;19;3124
25;9;31;18;3124
29;10;35;18;3124
67;9;74;22;3124
70;10;76;20;3124
77;8;85;23;3124
85;9;92;23;3124
85;9;93;23;3124
23;13;31;23;3124
28;11;34;23;3124
32;10;40;21;3124
71;16;76;22;3124
71;14;76;22;3124
78;12;85;23;3124
85;16;89;21;3124
85;15;89;23;3124
84;13;90;24;3124
85;15;90;23;3124
87;13;93;27;3124
89;13;96;26;3124
3;13;9;26;3124
15;16;23;30;3124
23;19;27;25;3124
23;18;28;24;3124
57;16;65;28;3124
66;18;70;27;3124
67;16;74;25;3124
71;14;78;25;3124
80;12;86;26;3124
85;18;89;24;3124
85;16;89;24;3124
85;14;92;27;3124
89;16;94;26;3124
89;15;95;27;3124
91;18;96;26;3124
90;16;96;27;3124
57;16;63;29;3124
64;19;70;30;3124
65;19;71;28;3124
67;19;73;30;3124
78;24;81;29;3124
78;23;81;29;3124
77;20;83;31;3124
85;19;91;30;3124
89;20;94;27;3124
89;17;96;28;3124
92;20;96;28;3124
91;20;97;31;3124
93;23;99;32;3124
22;22;30;33;3124
79;25;82;30;3124
78;25;83;31;3124
78;23;84;34;3124
80;24;88;35;3124
87;25;90;30;3124
87;24;90;31;3124
92;23;99;35;3124
95;24;99;32;3124
78;27;85;38;3124
81;29;86;37;3124
82;31;87;37;3124
81;29;88;38;3124
89;29;92;35;3124
93;26;99;40;3124
79;29;85;38;3124
81;31;86;38;3124
83;31;88;38;3124
86;33;89;38;3124
86;32;89;38;3124
90;33;93;38;3124
90;32;93;38;3124
96;31;99;38;3124
96;38;99;46;3124
95;34;99;49;3124
5;44;8;49;3124
23;42;31;56;3124
23;41;31;55;3124
95;42;98;49;3124
24;45;31;56;3124
24;45;31;56;3124
74;47;78;52;3124
74;47;78;53;3124
80;47;83;52;3124
88;46;91;52;3124
88;46;91;52;3124
89;46;92;51;3124
88;45;91;52;3124
86;43;92;54;3124
2;45;9;56;3124
24;45;31;56;3124
25;46;30;54;3124
80;49;83;53;3124
78;49;83;55;3124
78;49;84;56;3124
79;47;85;55;3124
88;48;91;54;3124
88;47;91;53;3124
88;48;91;54;3124
56;51;60;57;3124
77;49;83;60;3124
97;52;100;58;3124
82;60;85;67;3124
14;3;22;17;3124
13;2;23;18;3124
24;7;32;20;3124
47;9;55;23;3124
48;8;56;23;3124
78;9;85;23;3124
84;30;90;41;3124
1;0;4;6;2952
5;-1;10;5;2952
17;1;22;7;2952
60;0;66;8;2952
96;0;99;6;2952
69;1;75;10;2952
70;5;77;15;2952
70;5;76;16;2952
33;9;39;18;2952
76;8;85;23;2952
87;5;93;17;2952
31;10;37;18;2952
58;10;64;23;2952
2;12;8;26;2952
5;15;9;23;2952
4;14;10;23;2952
71;13;79;25;2952
75;9;83;23;2952
81;13;85;23;2952
57;16;63;27;2952
71;16;78;25;2952
73;15;79;27;2952
84;14;90;27;2952
85;17;90;25;2952
23;20;29;29;2952
66;20;70;27;2952
79;28;84;36;2952
88;29;91;35;2952
79;30;84;38;2952
92;31;95;38;2952
96;34;99;43;2952
94;31;100;45;2952
5;44;8;50;2952
19;42;22;47;2952
19;42;22;48;2952
4;45;9;53;2952
56;49;60;56;2952
74;49;79;56;2952
76;49;81;56;2952
73;51;81;63;2952
2;0;5;6;2788
1;-1;5;9;2788
5;0;9;5;2788
5;-1;11;5;2788
16;0;23;8;2788
17;0;22;6;2788
16;-1;23;7;2788
60;0;66;8;2788
62;0;65;5;2788
59;-1;67;12;2788
68;0;74;6;2788
68;-1;74;7;2788
69;-1;75;7;2788
96;0;99;5;2788
94;0;100;8;2788
96;0;99;5;2788
2;2;5;6;2788
2;2;5;8;2788
1;0;5;9;2788
8;1;13;7;2788
6;1;13;9;2788
17;1;22;7;2788
16;0;23;9;2788
66;1;72;7;2788
66;-1;74;9;2788
68;1;74;7;2788
89;2;93;9;2788
90;1;95;12;2788
96;1;99;9;2788
96;1;99;7;2788
95;0;101;9;2788
0;3;3;11;2788
8;5;14;14;2788
15;4;20;13;2788
14;2;22;16;2788
24;3;32;17;2788
63;4;67;12;2788
69;5;75;14;2788
72;7;75;13;2788
71;5;78;16;2788
87;5;93;17;2788
89;4;93;12;2788
88;4;94;13;2788
92;6;96;11;2788
91;4;96;13;2788
96;5;99;12;2788
96;5;99;13;2788
95;4;99;15;2788
97;6;100;13;2788
96;5;99;15;2788
95;4;99;15;2788
4;9;9;17;2788
5;7;11;16;2788
12;6;18;17;2788
14;5;20;19;2788
16;7;20;18;2788
15;4;21;18;2788
16;4;23;18;2788
38;8;42;16;2788
37;6;43;17;2788
58;2;66;16;2788
63;4;69;16;2788
67;8;71;16;2788
67;6;73;19;2788
74;9;77;14;2788
73;9;78;15;2788
76;7;84;21;2788
81;9;85;17;2788
78;8;88;23;2788
87;9;92;15;2788
88;6;92;14;2788
96;6;99;14;2788
96;5;100;16;2788
2;9;9;23;2788
3;10;9;21;2788
5;12;10;20;2788
4;10;10;20;2788
17;11;20;17;2788
15;6;21;20;2788
63;9;69;20;2788
67;11;72;20;2788
72;12;75;18;2788
73;9;79;21;2788
76;9;84;23;2788
81;11;85;20;2788
85;13;88;18;2788
85;12;89;20;2788
83;10;91;23;2788
86;12;91;20;2788
88;11;92;20;2788
89;9;96;21;2788
95;5;99;20;2788
97;9;100;18;2788
96;5;100;20;2788
5;16;9;22;2788
9;16;12;22;2788
16;13;20;22;2788
15;9;21;23;2788
23;16;26;23;2788
23;16;27;23;2788
23;16;30;23;2788
26;13;32;23;2788
24;10;32;23;2788
29;14;34;22;2788
48;9;56;23;2788
59;16;63;24;2788
67;12;73;24;2788
69;14;74;22;2788
74;16;78;20;2788
74;15;78;23;2788
77;13;81;21;2788
81;15;85;21;2788
86;16;89;21;2788
89;15;93;24;2788
91;16;96;23;2788
4;17;9;25;2788
5;16;10;25;2788
16;19;21;27;2788
19;19;23;27;2788
17;17;25;30;2788
23;18;27;24;2788
23;17;29;27;2788
23;19;28;23;2788
22;16;30;25;2788
24;14;32;27;2788
27;14;34;27;2788
31;13;38;25;2788
34;13;40;26;2788
59;17;63;25;2788
58;16;64;27;2788
63;17;70;28;2788
69;18;72;24;2788
74;18;78;26;2788
74;13;82;28;2788
78;16;83;25;2788
78;11;85;25;2788
81;16;86;24;2788
86;19;89;25;2788
89;19;92;25;2788
92;19;95;25;2788
95;20;98;27;2788
92;19;99;30;2788
11;23;16;30;2788
16;20;24;33;2788
20;20;28;31;2788
23;21;28;27;2788
23;19;31;30;2788
58;19;63;28;2788
60;17;66;30;2788
65;20;70;28;2788
68;20;73;28;2788
71;21;76;29;2788
70;17;77;30;2788
74;19;80;30;2788
77;22;80;28;2788
75;19;81;30;2788
80;20;86;32;2788
85;23;89;28;2788
85;22;89;28;2788
84;20;90;31;2788
89;21;92;27;2788
92;22;96;28;2788
96;23;99;30;2788
16;23;24;35;2788
19;22;28;34;2788
23;23;28;31;2788
63;21;70;34;2788
64;20;72;33;2788
70;26;73;32;2788
69;25;74;33;2788
67;23;74;35;2788
81;26;86;32;2788
84;26;87;31;2788
85;26;88;32;2788
83;23;89;34;2788
86;23;91;32;2788
89;27;92;31;2788
89;26;92;32;2788
88;23;94;34;2788
92;24;97;32;2788
96;24;99;31;2788
96;24;99;31;2788
94;23;100;34;2788
20;25;27;38;2788
23;27;30;38;2788
69;28;74;34;2788
70;28;74;34;2788
69;27;75;37;2788
77;31;80;35;2788
78;30;81;36;2788
76;28;82;38;2788
79;29;82;35;2788
82;29;85;35;2788
84;30;87;36;2788
88;29;91;34;2788
88;27;94;37;2788
93;31;96;35;2788
93;29;96;35;2788
92;26;98;40;2788
94;27;99;37;2788
96;27;100;37;2788
94;26;100;40;2788
74;34;77;38;2788
73;34;78;40;2788
72;33;78;41;2788
77;32;80;37;2788
77;31;80;38;2788
75;30;81;39;2788
85;32;88;38;2788
81;30;88;39;2788
85;31;91;41;2788
89;31;95;41;2788
92;32;94;37;2788
90;29;96;42;2788
96;32;99;37;2788
98;32;99;38;2788
96;31;99;38;2788
95;27;101;42;2788
17;32;23;45;2788
24;32;32;43;2788
25;33;33;44;2788
27;33;35;44;2788
71;36;76;42;2788
73;35;78;42;2788
81;34;86;41;2788
81;31;88;41;2788
89;34;92;42;2788
89;31;96;45;2788
96;36;98;41;2788
98;35;99;40;2788
96;33;99;42;2788
96;31;100;45;2788
18;39;21;44;2788
18;38;21;45;2788
19;40;22;45;2788
19;39;22;45;2788
17;37;23;48;2788
23;37;31;51;2788
25;37;33;49;2788
29;35;35;46;2788
31;35;37;46;2788
78;38;84;47;2788
82;40;85;45;2788
83;38;86;45;2788
81;37;88;46;2788
89;38;92;45;2788
93;39;95;44;2788
90;35;96;48;2788
96;40;98;45;2788
97;40;99;45;2788
96;38;99;46;2788
96;35;100;48;2788
17;40;23;51;2788
20;40;28;52;2788
72;42;75;48;2788
74;42;77;47;2788
74;42;77;48;2788
73;41;78;49;2788
79;43;82;49;2788
78;42;84;51;2788
82;44;85;49;2788
82;43;85;49;2788
85;43;86;48;2788
84;42;87;49;2788
82;39;89;50;2788
87;44;90;49;2788
88;43;91;49;2788
86;39;92;52;2788
89;43;92;48;2788
89;42;92;49;2788
87;38;93;51;2788
94;43;96;48;2788
93;42;96;49;2788
95;38;99;49;2788
96;41;99;49;2788
96;38;100;49;2788
2;44;9;55;2788
5;45;8;51;2788
4;45;10;54;2788
17;44;23;55;2788
21;44;29;56;2788
24;45;31;55;2788
24;46;31;54;2788
72;45;75;52;2788
74;46;80;54;2788
76;47;81;53;2788
76;46;82;56;2788
81;45;85;53;2788
85;46;88;51;2788
85;45;88;52;2788
83;45;89;52;2788
86;45;92;54;2788
95;45;98;51;2788
4;46;9;54;2788
3;45;9;55;2788
16;45;24;56;2788
25;47;30;55;2788
27;48;30;54;2788
37;48;43;59;2788
46;49;48;52;2788
44;45;50;56;2788
55;49;61;56;2788
73;51;74;54;2788
73;49;76;56;2788
74;50;78;53;2788
74;49;80;57;2788
77;50;80;55;2788
74;49;82;58;2788
85;49;88;53;2788
85;48;88;54;2788
83;47;89;55;2788
87;45;92;55;2788
89;49;92;54;2788
86;46;92;56;2788
9;51;16;62;2788
9;50;18;63;2788
23;46;30;59;2788
25;46;31;59;2788
38;51;43;57;2788
55;51;58;57;2788
56;52;60;56;2788
55;50;61;58;2788
61;53;63;56;2788
72;52;75;56;2788
73;52;76;58;2788
74;51;79;57;2788
73;49;81;60;2788
74;49;82;60;2788
78;51;82;57;2788
82;52;85;57;2788
81;51;85;57;2788
79;49;85;60;2788
86;53;88;58;2788
85;52;88;58;2788
92;52;96;59;2788
92;53;96;60;2788
95;51;98;57;2788
95;52;98;58;2788
9;50;16;63;2788
9;50;18;63;2788
40;56;46;65;2788
49;56;51;60;2788
72;56;75;62;2788
70;52;77;63;2788
74;54;79;60;2788
74;50;81;63;2788
77;50;83;63;2788
82;55;85;61;2788
81;54;86;62;2788
80;52;86;63;2788
85;54;88;60;2788
89;55;92;60;2788
90;54;93;60;2788
94;54;97;60;2788
93;53;98;61;2788
97;55;100;61;2788
97;53;100;61;2788
42;60;46;66;2788
42;59;48;68;2788
74;58;78;64;2788
72;55;80;67;2788
74;55;81;66;2788
82;59;85;65;2788
82;57;85;65;2788
83;57;89;67;2788
87;59;90;63;2788
86;59;91;65;2788
86;58;92;67;2788
89;58;92;64;2788
88;57;94;67;2788
92;57;96;63;2788
91;56;97;65;2788
94;58;97;64;2788
92;54;99;65;2788
42;60;48;69;2788
42;61;49;67;2788
42;60;48;68;2788
82;61;85;67;2788
83;61;89;69;2788
87;62;92;68;2788
86;61;92;69;2788
88;61;92;67;2788
87;60;93;70;2788
92;61;96;67;2788
91;60;97;69;2788
95;62;98;67;2788
94;61;97;67;2788
92;60;99;69;2788
98;63;99;67;2788
98;67;99;71;2788
13;87;15;90;2788
15;0;23;13;2788
89;-1;96;12;2788
10;3;20;17;2788
10;2;21;20;2788
18;3;26;17;2788
17;2;27;18;2788
23;5;32;19;2788
31;7;37;20;2788
30;6;38;20;2788
33;6;39;19;2788
55;2;63;16;2788
64;3;72;16;2788
68;5;74;18;2788
75;5;83;20;2788
78;7;86;21;2788
78;5;87;23;2788
85;5;92;20;2788
83;5;92;20;2788
89;3;96;17;2788
3;9;9;23;2788
2;7;13;27;2788
9;7;18;21;2788
9;5;20;24;2788
14;7;22;21;2788
13;5;23;23;2788
18;9;26;23;2788
18;8;27;23;2788
24;7;34;21;2788
31;7;38;21;2788
32;11;38;20;2788
52;8;60;23;2788
75;9;83;23;2788
75;9;85;24;2788
77;8;86;23;2788
83;9;91;23;2788
83;9;91;24;2788
89;9;95;23;2788
89;9;95;25;2788
3;13;11;30;2788
2;10;13;32;2788
9;17;16;31;2788
7;15;18;34;2788
16;18;22;31;2788
15;16;24;32;2788
18;18;26;29;2788
18;17;27;31;2788
30;15;38;27;2788
29;13;38;29;2788
34;16;40;27;2788
56;16;64;28;2788
65;16;71;29;2788
69;14;75;27;2788
74;13;81;27;2788
73;11;82;28;2788
78;12;86;26;2788
78;10;87;27;2788
85;14;91;27;2788
83;13;92;30;2788
90;16;96;29;2788
4;20;12;38;2788
9;23;16;36;2788
16;24;23;37;2788
15;23;24;40;2788
17;24;25;37;2788
17;23;27;40;2788
23;25;31;38;2788
67;23;75;36;2788
74;23;81;36;2788
80;26;88;38;2788
78;24;89;40;2788
83;26;91;38;2788
82;24;92;42;2788
92;24;98;38;2788
91;24;99;42;2788
92;25;99;38;2788
16;30;23;44;2788
18;31;26;45;2788
18;29;27;46;2788
23;30;31;42;2788
68;31;76;42;2788
73;31;81;42;2788
80;30;88;41;2788
83;28;92;42;2788
9;38;16;52;2788
15;38;23;52;2788
19;37;27;51;2788
23;39;31;53;2788
30;38;36;50;2788
69;39;75;49;2788
80;38;86;49;2788
85;37;92;49;2788
88;34;94;48;2788
13;42;21;55;2788
20;43;27;56;2788
24;44;31;55;2788
29;42;35;55;2788
28;42;36;57;2788
74;46;82;57;2788
78;46;85;57;2788
85;43;92;54;2788
23;48;31;60;2788
30;50;38;63;2788
34;50;42;61;2788
39;52;47;62;2788
42;58;48;67;2788
42;58;49;67;2788
15;-1;20;5;2633
89;0;93;6;2633
95;-1;101;7;2633
27;2;31;9;2633
25;1;33;13;2633
52;2;58;13;2633
70;1;76;9;2633
89;2;92;9;2633
9;5;13;12;2633
12;4;18;15;2633
15;3;21;13;2633
73;5;78;13;2633
92;5;96;11;2633
5;9;10;15;2633
38;7;43;16;2633
37;5;43;18;2633
78;9;83;18;2633
14;7;20;20;2633
16;8;23;20;2633
34;8;42;20;2633
59;13;63;20;2633
60;9;66;21;2633
74;11;78;19;2633
78;10;84;21;2633
96;10;99;18;2633
33;12;39;21;2633
57;14;63;25;2633
59;13;65;26;2633
67;14;71;23;2633
93;12;99;24;2633
9;20;13;26;2633
60;17;64;25;2633
75;18;80;26;2633
9;23;14;29;2633
74;21;79;29;2633
81;23;85;29;2633
95;22;99;31;2633
21;23;26;31;2633
71;25;74;31;2633
74;24;78;31;2633
73;22;79;33;2633
78;24;81;31;2633
76;22;82;33;2633
85;28;92;36;2633
18;36;23;42;2633
24;34;31;42;2633
74;36;77;41;2633
71;34;78;42;2633
82;36;85;41;2633
88;35;91;42;2633
92;34;95;42;2633
27;38;31;46;2633
31;38;36;45;2633
71;38;76;45;2633
74;39;77;45;2633
79;38;82;45;2633
88;38;91;45;2633
87;35;93;48;2633
92;38;96;45;2633
18;42;21;49;2633
26;43;31;51;2633
70;42;73;48;2633
96;42;99;48;2633
3;45;9;54;2633
19;45;23;53;2633
2;46;7;54;2633
18;48;23;56;2633
21;45;29;56;2633
40;49;43;56;2633
45;48;49;54;2633
55;49;60;56;2633
61;50;66;56;2633
95;49;98;55;2633
18;51;23;57;2633
27;50;31;58;2633
37;51;42;57;2633
37;49;43;59;2633
38;49;44;59;2633
51;53;52;56;2633
60;52;64;58;2633
60;50;66;58;2633
90;52;93;59;2633
49;55;52;61;2633
50;56;52;59;2633
72;56;75;61;2633
78;53;82;61;2633
83;53;89;63;2633
94;55;97;61;2633
71;56;76;64;2633
76;57;81;63;2633
78;57;83;63;2633
84;58;89;64;2633
96;55;100;66;2633
42;61;47;67;2633
84;61;89;67;2633
87;64;92;70;2633
16;85;23;99;2633
74;5;84;22;2633
67;9;75;23;2633
64;23;72;36;2633
9;30;16;44;2633
15;28;24;47;2633
84;34;93;52;2633
8;31;20;59;2633
0;-1;5;9;2485
3;0;5;5;2485
13;-1;16;4;2485
13;-1;16;5;2485
11;-1;17;7;2485
16;-1;19;4;2485
15;-1;21;9;2485
17;1;20;5;2485
19;0;22;5;2485
24;-1;31;9;2485
28;1;31;4;2485
27;0;32;6;2485
26;-1;32;9;2485
48;-1;54;9;2485
53;-1;58;5;2485
53;-2;60;9;2485
56;-2;64;9;2485
61;-2;69;8;2485
69;0;74;5;2485
70;0;75;6;2485
73;-1;78;5;2485
71;-1;78;7;2485
77;-1;81;5;2485
76;-2;82;6;2485
78;-1;82;5;2485
77;-2;83;6;2485
82;-1;85;4;2485
81;-1;86;5;2485
80;-2;86;6;2485
85;-1;88;4;2485
84;-2;89;5;2485
82;-2;89;6;2485
88;-1;91;4;2485
87;-1;92;5;2485
89;0;92;5;2485
88;0;94;8;2485
93;0;95;3;2485
92;-1;95;5;2485
1;0;5;9;2485
5;1;9;7;2485
9;2;13;6;2485
12;1;18;10;2485
16;2;19;7;2485
19;1;22;7;2485
24;0;32;13;2485
52;2;57;10;2485
58;2;63;9;2485
57;0;65;11;2485
64;2;66;7;2485
62;2;68;9;2485
69;1;74;7;2485
72;1;75;7;2485
71;1;78;10;2485
88;2;92;8;2485
88;1;94;10;2485
88;2;94;11;2485
92;2;95;9;2485
96;1;99;7;2485
97;2;100;6;2485
1;5;2;10;2485
0;2;5;13;2485
3;5;5;10;2485
2;4;5;12;2485
1;2;7;14;2485
4;6;9;13;2485
3;4;9;15;2485
6;5;11;12;2485
5;4;12;13;2485
9;6;13;11;2485
13;6;17;13;2485
18;5;23;13;2485
16;2;23;15;2485
25;5;30;15;2485
25;4;31;15;2485
26;3;34;17;2485
34;4;40;18;2485
37;5;43;17;2485
38;5;44;16;2485
43;4;49;15;2485
49;6;54;14;2485
49;6;55;19;2485
52;5;56;13;2485
50;4;56;16;2485
57;2;63;14;2485
63;5;67;10;2485
67;5;71;13;2485
66;4;72;15;2485
74;6;78;11;2485
78;7;83;13;2485
77;6;85;20;2485
87;6;92;13;2485
89;5;92;12;2485
4;9;5;14;2485
3;8;6;16;2485
2;7;9;18;2485
5;10;8;15;2485
7;9;10;14;2485
10;9;13;13;2485
9;8;14;14;2485
9;6;15;16;2485
12;8;16;14;2485
15;7;20;16;2485
17;9;20;16;2485
20;8;23;14;2485
18;6;23;16;2485
38;9;42;15;2485
56;5;62;17;2485
62;7;65;13;2485
60;4;66;15;2485
64;9;67;13;2485
63;7;68;15;2485
67;8;70;14;2485
78;9;81;14;2485
77;9;81;16;2485
79;9;82;14;2485
81;9;85;14;2485
84;9;89;16;2485
83;7;91;21;2485
88;9;91;14;2485
89;9;92;15;2485
92;7;96;13;2485
90;5;96;16;2485
1;13;2;17;2485
4;13;5;17;2485
2;12;7;20;2485
7;13;10;18;2485
12;9;18;20;2485
15;10;20;18;2485
18;10;23;18;2485
23;9;29;21;2485
27;11;31;17;2485
36;9;42;19;2485
38;6;44;19;2485
61;11;66;20;2485
63;10;68;18;2485
74;13;78;17;2485
77;13;80;17;2485
77;11;81;19;2485
81;13;85;17;2485
87;13;90;17;2485
89;13;92;17;2485
92;12;96;16;2485
91;11;96;19;2485
96;12;97;18;2485
97;11;100;17;2485
1;15;2;21;2485
2;15;7;24;2485
9;16;13;20;2485
6;14;13;23;2485
13;15;16;21;2485
12;13;18;23;2485
15;13;20;21;2485
14;10;20;23;2485
19;15;23;23;2485
17;13;23;24;2485
23;15;29;24;2485
24;17;29;22;2485
27;17;31;22;2485
30;17;33;22;2485
31;15;36;21;2485
35;14;38;20;2485
34;10;42;24;2485
57;15;62;23;2485
60;15;65;24;2485
77;16;80;21;2485
80;15;83;21;2485
89;16;92;22;2485
92;16;96;21;2485
96;17;97;22;2485
95;15;98;23;2485
99;16;100;22;2485
97;14;100;22;2485
96;11;101;23;2485
1;16;4;25;2485
1;14;7;27;2485
2;14;8;27;2485
5;19;8;25;2485
9;20;13;24;2485
7;19;13;27;2485
13;20;16;27;2485
11;18;17;29;2485
15;20;18;25;2485
15;19;20;27;2485
14;15;20;29;2485
17;20;20;24;2485
20;20;23;24;2485
27;17;31;25;2485
30;18;33;23;2485
29;16;34;24;2485
32;19;35;23;2485
31;16;36;24;2485
35;20;38;24;2485
34;17;39;25;2485
34;13;42;27;2485
57;18;62;26;2485
60;18;63;24;2485
64;19;69;27;2485
71;18;76;24;2485
74;20;78;24;2485
78;20;79;23;2485
79;19;82;23;2485
82;19;85;25;2485
95;20;98;26;2485
97;18;100;26;2485
96;16;101;27;2485
2;17;9;28;2485
9;22;15;30;2485
12;23;15;28;2485
11;23;17;31;2485
17;22;22;30;2485
16;20;23;32;2485
18;22;23;30;2485
23;23;27;27;2485
22;21;27;29;2485
24;21;27;27;2485
26;22;31;28;2485
29;22;34;28;2485
27;20;35;31;2485
42;21;53;31;2485
56;18;63;29;2485
60;20;65;28;2485
66;21;70;27;2485
70;22;73;28;2485
72;22;75;28;2485
77;23;80;27;2485
82;23;85;28;2485
96;23;99;30;2485
10;24;15;31;2485
9;23;16;32;2485
17;24;22;32;2485
17;23;23;34;2485
18;24;23;32;2485
25;25;28;30;2485
26;24;31;32;2485
24;23;32;34;2485
61;24;66;32;2485
60;22;67;33;2485
63;24;68;32;2485
65;23;71;32;2485
71;25;74;31;2485
70;23;76;34;2485
74;25;78;30;2485
77;26;80;31;2485
82;26;85;31;2485
93;26;96;31;2485
19;27;23;35;2485
17;25;25;38;2485
21;28;26;36;2485
24;29;29;37;2485
25;28;33;39;2485
70;29;73;34;2485
68;27;74;37;2485
71;29;74;34;2485
75;30;77;34;2485
74;29;78;35;2485
73;28;79;38;2485
95;30;98;34;2485
98;30;99;34;2485
12;29;18;40;2485
13;28;19;41;2485
17;27;25;40;2485
23;31;27;38;2485
21;28;29;41;2485
24;31;31;39;2485
23;31;31;40;2485
25;31;33;40;2485
27;31;35;42;2485
69;31;74;38;2485
67;30;74;39;2485
72;34;75;37;2485
71;32;76;38;2485
70;31;76;39;2485
79;31;82;38;2485
82;31;85;38;2485
9;35;13;42;2485
10;35;13;42;2485
9;34;15;44;2485
12;35;16;42;2485
11;33;17;42;2485
15;34;18;41;2485
17;37;20;42;2485
17;36;20;42;2485
16;33;23;44;2485
19;37;22;42;2485
23;34;26;41;2485
22;34;27;42;2485
22;31;28;44;2485
26;34;32;42;2485
28;34;34;42;2485
31;33;37;44;2485
72;37;75;42;2485
70;35;77;42;2485
77;36;80;39;2485
77;34;80;41;2485
74;34;81;43;2485
79;36;82;41;2485
79;34;84;41;2485
78;33;85;42;2485
85;35;88;40;2485
83;34;88;40;2485
82;32;89;42;2485
88;36;89;41;2485
85;34;92;45;2485
89;37;92;42;2485
87;33;93;45;2485
93;36;95;41;2485
5;41;8;45;2485
5;40;8;46;2485
3;38;9;50;2485
7;41;10;45;2485
8;39;11;45;2485
10;38;13;45;2485
9;37;15;46;2485
16;37;23;46;2485
23;39;26;44;2485
22;38;27;45;2485
21;36;27;49;2485
25;38;30;46;2485
30;38;34;45;2485
33;39;36;45;2485
32;35;38;48;2485
72;39;75;44;2485
74;40;77;45;2485
71;38;78;46;2485
77;39;80;44;2485
77;39;80;45;2485
74;38;81;47;2485
79;40;82;45;2485
85;39;88;44;2485
84;38;87;44;2485
82;35;89;46;2485
88;39;91;44;2485
86;36;92;49;2485
89;40;92;45;2485
2;42;9;52;2485
3;43;9;52;2485
8;43;9;48;2485
6;43;9;49;2485
4;42;10;52;2485
18;42;21;47;2485
16;40;23;51;2485
23;43;25;48;2485
22;42;27;49;2485
25;43;30;51;2485
27;43;31;48;2485
29;39;35;50;2485
31;41;36;49;2485
31;38;37;49;2485
34;42;38;48;2485
32;38;38;49;2485
43;41;51;50;2485
70;42;73;47;2485
72;42;75;47;2485
70;40;75;48;2485
77;42;80;49;2485
75;42;81;51;2485
79;43;82;48;2485
81;42;87;51;2485
92;38;98;51;2485
2;45;7;53;2485
7;46;10;51;2485
6;45;9;52;2485
18;47;20;50;2485
17;45;22;53;2485
16;43;23;56;2485
20;46;23;51;2485
23;46;25;51;2485
23;45;27;53;2485
27;46;30;52;2485
29;45;34;52;2485
27;43;34;54;2485
31;44;34;52;2485
31;42;35;52;2485
33;42;39;53;2485
41;43;49;52;2485
43;45;49;51;2485
43;42;51;52;2485
45;45;52;51;2485
44;42;52;52;2485
62;46;67;52;2485
70;45;73;50;2485
70;45;73;51;2485
68;42;74;52;2485
72;46;75;51;2485
70;44;77;53;2485
77;47;80;52;2485
93;46;96;51;2485
93;45;96;52;2485
92;43;98;54;2485
95;46;98;51;2485
95;42;99;52;2485
98;46;99;51;2485
97;45;100;51;2485
96;42;100;52;2485
0;50;2;55;2485
5;49;8;55;2485
7;49;10;53;2485
5;48;10;54;2485
5;45;11;56;2485
8;48;16;60;2485
9;47;19;61;2485
11;45;20;59;2485
18;48;23;56;2485
17;45;23;56;2485
29;47;34;55;2485
27;45;34;56;2485
32;47;35;55;2485
31;45;37;56;2485
34;46;40;57;2485
38;49;42;56;2485
41;50;42;53;2485
38;48;44;57;2485
42;50;44;53;2485
42;49;45;55;2485
39;45;47;56;2485
48;50;49;53;2485
46;48;51;54;2485
51;51;52;52;2485
54;49;60;56;2485
56;50;60;55;2485
60;50;62;53;2485
60;49;64;56;2485
59;49;65;57;2485
62;49;65;54;2485
60;50;67;58;2485
63;50;67;56;2485
61;49;67;59;2485
66;51;69;54;2485
66;49;69;56;2485
70;50;73;53;2485
70;49;73;55;2485
71;49;78;58;2485
92;49;96;54;2485
92;49;96;56;2485
91;48;97;57;2485
96;49;97;55;2485
98;50;99;55;2485
97;49;100;56;2485
96;47;101;58;2485
4;50;9;58;2485
3;48;9;59;2485
12;52;18;60;2485
9;48;20;62;2485
17;51;22;57;2485
16;48;23;59;2485
17;49;23;57;2485
24;49;29;57;2485
27;52;31;56;2485
29;51;34;59;2485
27;49;34;61;2485
31;49;37;60;2485
35;51;40;59;2485
34;49;41;59;2485
38;52;41;56;2485
41;52;42;56;2485
43;53;45;56;2485
42;52;46;58;2485
40;50;46;60;2485
45;53;47;56;2485
44;52;49;58;2485
43;49;49;60;2485
49;52;50;56;2485
48;52;51;57;2485
50;52;53;57;2485
55;52;58;56;2485
54;50;60;58;2485
62;54;65;57;2485
61;52;66;58;2485
60;50;67;60;2485
66;53;69;58;2485
71;54;73;57;2485
70;52;74;59;2485
71;51;78;60;2485
74;52;78;56;2485
77;52;80;56;2485
76;51;81;57;2485
79;52;82;57;2485
83;50;89;60;2485
86;53;89;58;2485
86;51;89;57;2485
85;49;92;59;2485
89;51;94;59;2485
92;52;96;60;2485
93;51;98;60;2485
96;51;101;60;2485
9;53;15;61;2485
12;54;18;60;2485
9;52;19;63;2485
27;51;33;63;2485
28;53;34;64;2485
30;53;36;64;2485
34;54;39;60;2485
34;52;40;62;2485
37;54;42;60;2485
36;52;42;61;2485
41;57;42;60;2485
39;56;44;62;2485
38;53;45;63;2485
42;56;46;63;2485
45;55;48;60;2485
43;55;48;61;2485
42;55;49;63;2485
49;56;52;60;2485
53;56;55;59;2485
52;55;56;60;2485
54;57;56;59;2485
54;55;57;60;2485
53;52;60;62;2485
58;57;60;59;2485
56;55;60;61;2485
55;52;61;63;2485
60;56;62;59;2485
60;54;63;60;2485
59;52;65;63;2485
62;53;67;60;2485
61;52;67;61;2485
71;56;73;59;2485
70;55;74;61;2485
69;53;75;63;2485
77;56;80;60;2485
76;53;81;61;2485
79;56;82;60;2485
85;55;89;60;2485
87;56;90;60;2485
87;56;90;62;2485
85;54;92;63;2485
90;53;95;61;2485
92;52;96;60;2485
96;53;100;63;2485
27;55;33;66;2485
28;55;34;66;2485
30;56;36;67;2485
34;57;40;67;2485
41;58;44;64;2485
40;57;46;67;2485
42;60;45;64;2485
41;58;47;67;2485
42;60;49;66;2485
49;60;50;63;2485
48;58;51;64;2485
45;57;52;67;2485
51;60;52;63;2485
64;59;67;63;2485
64;58;67;64;2485
70;59;73;63;2485
70;57;74;65;2485
72;58;75;63;2485
70;54;77;67;2485
74;59;78;63;2485
77;59;80;63;2485
79;59;82;63;2485
78;56;84;65;2485
81;56;86;66;2485
89;59;92;63;2485
92;59;96;63;2485
95;60;98;64;2485
98;58;99;63;2485
96;57;99;63;2485
39;59;45;70;2485
43;62;48;67;2485
46;62;51;68;2485
45;60;51;70;2485
70;57;77;71;2485
77;63;80;67;2485
76;63;81;69;2485
74;60;82;71;2485
78;62;83;68;2485
78;60;84;70;2485
81;59;87;68;2485
85;63;88;67;2485
87;63;90;67;2485
89;63;92;67;2485
92;62;96;67;2485
97;62;100;68;2485
95;60;101;70;2485
38;61;45;74;2485
42;60;48;71;2485
42;61;49;70;2485
85;66;88;70;2485
85;65;89;71;2485
84;62;90;73;2485
86;63;92;72;2485
88;65;92;71;2485
86;63;94;72;2485
91;65;96;71;2485
89;63;97;73;2485
95;67;98;71;2485
94;65;99;71;2485
93;64;99;72;2485
96;66;99;72;2485
95;63;101;73;2485
94;68;99;74;2485
97;67;99;72;2485
96;67;99;74;2485
16;87;21;95;2485
16;84;24;98;2485
16;85;23;98;2485
16;85;25;98;2485
0;-1;6;10;2485
-2;-3;9;16;2485
5;0;11;11;2485
10;0;18;11;2485
9;-1;20;15;2485
13;0;24;16;2485
18;-1;26;12;2485
16;-2;27;14;2485
23;0;31;13;2485
29;-1;37;12;2485
56;-1;63;12;2485
63;0;70;13;2485
60;0;71;14;2485
67;0;75;11;2485
66;-1;77;13;2485
74;-1;81;12;2485
73;-1;84;15;2485
78;-2;86;13;2485
76;-2;89;16;2485
85;-2;92;11;2485
82;-4;93;15;2485
88;-4;97;15;2485
93;-1;99;12;2485
92;-4;101;15;2485
1;3;7;17;2485
1;2;10;20;2485
4;5;12;19;2485
3;3;13;20;2485
31;5;41;21;2485
63;2;72;16;2485
67;4;76;20;2485
89;2;96;18;2485
94;2;100;16;2485
93;1;101;18;2485
2;10;9;24;2485
2;7;11;27;2485
31;9;38;23;2485
53;9;60;23;2485
67;10;73;23;2485
67;9;74;23;2485
94;7;100;21;2485
92;5;100;23;2485
1;13;9;29;2485
0;11;11;31;2485
23;16;31;28;2485
22;14;33;30;2485
32;14;42;28;2485
55;16;63;30;2485
56;15;66;29;2485
63;15;73;31;2485
68;13;76;27;2485
89;16;97;33;2485
93;20;99;32;2485
92;18;99;35;2485
0;20;8;38;2485
-1;16;10;42;2485
2;17;13;41;2485
7;20;18;39;2485
21;24;32;40;2485
29;24;37;37;2485
28;23;38;40;2485
40;24;51;35;2485
58;23;66;35;2485
63;22;73;38;2485
67;22;76;38;2485
72;21;83;38;2485
92;23;99;40;2485
4;28;12;45;2485
3;25;14;50;2485
6;27;17;48;2485
23;30;32;44;2485
30;32;36;45;2485
27;31;37;46;2485
64;31;72;42;2485
67;30;78;45;2485
72;29;83;45;2485
79;28;90;42;2485
89;28;96;42;2485
89;27;96;45;2485
93;27;99;42;2485
92;25;99;44;2485
0;37;8;52;2485
4;38;12;54;2485
2;36;13;56;2485
6;36;17;56;2485
13;37;23;54;2485
19;36;28;52;2485
23;39;32;53;2485
29;36;37;52;2485
33;38;41;50;2485
64;38;72;49;2485
67;35;79;54;2485
74;38;81;49;2485
71;36;84;53;2485
78;36;89;52;2485
87;31;95;51;2485
93;32;99;49;2485
92;31;100;51;2485
2;42;8;56;2485
4;42;10;56;2485
3;39;13;58;2485
9;43;16;57;2485
6;40;17;59;2485
11;39;22;58;2485
19;42;28;57;2485
23;42;31;56;2485
34;45;41;57;2485
33;44;42;58;2485
39;45;47;55;2485
44;45;52;54;2485
63;45;71;56;2485
68;45;76;56;2485
66;42;80;66;2485
71;44;84;64;2485
76;44;85;61;2485
83;40;92;59;2485
88;42;94;56;2485
86;38;96;59;2485
94;42;100;56;2485
92;38;101;59;2485
0;48;6;63;2485
4;45;12;61;2485
4;42;13;63;2485
7;47;16;61;2485
5;43;18;62;2485
13;47;20;61;2485
10;45;21;63;2485
19;48;27;60;2485
23;46;32;62;2485
29;48;38;65;2485
34;48;45;63;2485
38;50;49;64;2485
43;52;51;61;2485
41;50;52;64;2485
53;51;61;60;2485
68;52;78;64;2485
65;48;81;71;2485
74;51;81;62;2485
70;49;84;69;2485
77;50;85;61;2485
74;48;86;65;2485
85;51;91;62;2485
82;48;92;65;2485
89;52;96;63;2485
93;51;99;63;2485
30;57;38;68;2485
34;59;42;68;2485
32;56;45;71;2485
39;56;50;70;2485
40;56;51;70;2485
67;56;78;69;2485
64;52;81;74;2485
72;57;81;70;2485
68;54;84;74;2485
76;57;85;70;2485
72;54;86;73;2485
84;58;92;69;2485
89;56;96;67;2485
29;66;38;75;2485
33;64;41;74;2485
40;63;48;73;2485
38;60;49;74;2485
42;63;50;74;2485
41;60;52;76;2485
63;60;74;74;2485
61;53;78;77;2485
67;59;78;73;2485
64;53;81;77;2485
72;60;83;74;2485
68;55;85;77;2485
76;62;85;76;2485
72;58;88;78;2485
71;67;84;82;2485
69;61;85;83;2485
9;-2;23;20;2485
88;-5;102;20;2485
9;7;21;29;2485
9;18;21;45;2485
77;20;91;45;2485
86;20;100;43;2485
26;30;43;56;2485
1;39;13;69;2485
7;40;21;68;2485
72;44;91;70;2485
23;-1;26;5;2345
20;-2;27;8;2345
25;-1;30;5;2345
57;0;62;6;2345
67;-1;73;5;2345
66;-1;74;7;2345
90;-1;96;7;2345
5;0;11;8;2345
13;2;17;8;2345
25;2;30;8;2345
73;2;78;9;2345
31;5;38;19;2345
34;5;39;14;2345
38;5;42;15;2345
38;5;43;15;2345
44;5;49;13;2345
53;4;58;12;2345
57;3;62;13;2345
76;5;82;18;2345
23;5;29;19;2345
41;6;45;16;2345
56;7;61;15;2345
0;12;3;20;2345
-1;9;5;23;2345
9;12;13;18;2345
23;11;27;19;2345
38;9;43;18;2345
80;13;83;17;2345
1;15;4;23;2345
2;16;7;26;2345
3;20;8;27;2345
7;21;10;27;2345
5;20;12;29;2345
15;22;20;28;2345
14;20;20;31;2345
74;23;78;29;2345
12;24;16;31;2345
23;25;26;30;2345
26;29;32;37;2345
7;32;10;38;2345
9;33;13;39;2345
19;31;23;38;2345
25;31;31;39;2345
29;31;37;42;2345
5;34;8;41;2345
13;32;18;42;2345
31;34;36;42;2345
2;39;5;47;2345
1;38;7;50;2345
5;38;12;47;2345
9;40;13;45;2345
12;38;15;45;2345
10;38;16;47;2345
16;39;19;45;2345
34;39;38;45;2345
4;43;7;49;2345
13;42;16;49;2345
30;42;34;49;2345
9;45;13;52;2345
31;46;34;51;2345
34;45;38;51;2345
42;45;47;51;2345
63;45;67;52;2345
23;49;26;54;2345
23;48;27;56;2345
26;48;29;54;2345
45;45;51;55;2345
94;47;99;56;2345
9;52;15;60;2345
11;52;17;60;2345
31;50;36;58;2345
52;52;56;57;2345
63;52;68;59;2345
89;53;92;60;2345
16;55;21;61;2345
27;54;32;62;2345
31;55;35;63;2345
48;55;52;63;2345
66;54;69;60;2345
75;56;78;60;2345
27;57;32;63;2345
29;56;34;64;2345
31;56;36;64;2345
34;58;39;64;2345
36;56;42;66;2345
50;58;53;64;2345
49;57;55;67;2345
60;60;62;63;2345
63;58;66;64;2345
69;55;75;67;2345
28;58;34;70;2345
41;61;44;67;2345
65;62;67;67;2345
64;61;67;67;2345
63;58;69;70;2345
72;61;75;69;2345
74;62;78;68;2345
42;63;48;70;2345
44;63;49;70;2345
78;64;82;72;2345
76;61;84;75;2345
88;66;91;70;2345
80;65;88;76;2345
18;46;27;62;2345
63;51;71;63;2345
74;64;89;83;2345
66;18;83;45;2345
1;31;13;60;2345
86;31;100;56;2345
59;45;79;74;2345
23;0;25;3;2213
26;0;27;3;2213
29;0;32;3;2213
28;0;33;5;2213
27;-1;34;7;2213
31;-1;36;5;2213
31;-2;37;8;2213
35;0;38;3;2213
44;-1;50;7;2213
47;-1;52;5;2213
46;-1;52;7;2213
50;0;53;3;2213
49;-1;53;5;2213
53;0;55;3;2213
52;0;56;6;2213
51;-1;57;10;2213
55;-1;58;4;2213
58;0;60;3;2213
60;0;63;5;2213
65;0;67;3;2213
63;-1;68;5;2213
71;0;74;5;2213
74;-1;78;4;2213
77;0;80;5;2213
79;0;82;5;2213
87;-1;93;7;2213
5;2;9;7;2213
14;2;16;7;2213
23;2;26;6;2213
22;2;27;8;2213
20;0;27;11;2213
26;3;29;6;2213
27;2;31;7;2213
27;2;32;9;2213
26;1;34;13;2213
34;2;39;9;2213
34;2;40;13;2213
36;1;42;12;2213
38;1;46;13;2213
48;2;52;8;2213
47;1;53;9;2213
49;2;53;9;2213
48;2;54;13;2213
52;2;56;7;2213
52;2;56;9;2213
51;2;57;13;2213
54;2;57;9;2213
58;2;61;7;2213
67;2;70;6;2213
74;2;78;7;2213
76;1;81;7;2213
76;0;82;9;2213
81;2;86;8;2213
88;2;91;7;2213
92;2;96;7;2213
95;1;99;10;2213
5;6;8;11;2213
7;6;10;11;2213
13;7;16;12;2213
15;5;18;10;2213
17;6;20;11;2213
20;6;23;11;2213
25;6;28;11;2213
27;5;31;10;2213
28;5;33;14;2213
31;6;36;16;2213
42;5;46;14;2213
41;3;47;16;2213
48;6;51;11;2213
48;5;52;13;2213
47;5;53;16;2213
50;7;53;12;2213
52;7;56;12;2213
52;3;59;14;2213
57;5;60;12;2213
67;7;70;12;2213
70;6;73;13;2213
78;6;79;11;2213
76;6;81;13;2213
79;6;82;11;2213
81;6;86;13;2213
85;6;87;11;2213
85;6;88;13;2213
87;7;90;12;2213
1;10;2;13;2213
0;7;3;15;2213
-1;5;4;17;2213
12;9;15;13;2213
16;9;19;14;2213
23;7;27;15;2213
26;9;29;15;2213
31;9;36;17;2213
38;9;43;15;2213
40;5;46;16;2213
45;8;49;17;2213
45;6;51;17;2213
47;7;55;21;2213
54;8;57;16;2213
57;9;60;15;2213
58;5;64;15;2213
69;9;74;15;2213
85;9;87;14;2213
94;9;96;13;2213
95;8;98;14;2213
9;13;13;18;2213
8;11;14;19;2213
13;12;17;18;2213
16;12;19;18;2213
20;12;23;18;2213
23;13;26;18;2213
26;11;29;17;2213
30;11;33;17;2213
38;13;42;17;2213
46;13;48;16;2213
45;12;50;18;2213
57;13;60;19;2213
56;10;63;21;2213
59;13;62;18;2213
62;13;65;18;2213
64;12;67;18;2213
67;12;70;18;2213
0;13;6;25;2213
2;16;5;21;2213
13;16;16;20;2213
15;16;18;20;2213
17;15;20;21;2213
20;16;23;23;2213
38;16;40;20;2213
36;14;41;22;2213
36;10;45;24;2213
60;16;63;23;2213
63;15;68;23;2213
63;13;69;25;2213
67;16;70;22;2213
1;18;2;24;2213
2;19;5;25;2213
13;20;16;23;2213
27;19;31;23;2213
38;20;40;23;2213
36;18;41;26;2213
36;15;47;29;2213
45;14;54;27;2213
55;20;56;23;2213
57;19;60;25;2213
61;18;64;24;2213
65;19;68;25;2213
66;20;70;26;2213
98;20;99;24;2213
1;23;2;26;2213
1;20;4;28;2213
-1;17;5;30;2213
2;20;7;27;2213
2;17;8;28;2213
4;22;7;27;2213
7;23;10;28;2213
10;23;13;27;2213
16;23;19;27;2213
18;22;21;28;2213
19;23;22;27;2213
27;23;31;27;2213
30;23;33;27;2213
32;23;35;27;2213
31;23;36;29;2213
31;19;38;31;2213
34;20;39;28;2213
34;18;40;29;2213
41;22;52;33;2213
41;22;52;33;2213
45;21;53;31;2213
57;20;62;28;2213
60;21;63;27;2213
63;23;64;27;2213
65;21;68;27;2213
1;27;2;31;2213
0;26;3;32;2213
0;23;5;36;2213
2;25;5;33;2213
4;25;7;31;2213
2;22;9;34;2213
7;25;10;31;2213
5;23;12;34;2213
13;25;16;30;2213
11;23;17;32;2213
15;25;18;30;2213
14;24;19;32;2213
13;23;20;34;2213
19;26;22;31;2213
27;26;31;31;2213
29;26;34;32;2213
27;24;35;35;2213
41;23;52;34;2213
42;23;52;32;2213
59;23;63;31;2213
57;20;63;31;2213
62;26;65;31;2213
64;27;66;30;2213
67;26;70;31;2213
0;30;2;34;2213
0;29;3;35;2213
-1;27;4;38;2213
5;30;7;34;2213
5;29;8;35;2213
2;26;9;38;2213
8;31;9;34;2213
7;29;10;35;2213
5;27;12;38;2213
9;31;13;34;2213
9;29;14;35;2213
9;26;16;37;2213
13;27;17;35;2213
12;26;18;37;2213
13;26;19;38;2213
17;27;22;34;2213
16;25;23;38;2213
20;30;23;34;2213
23;30;26;34;2213
25;29;28;35;2213
28;29;34;37;2213
27;28;35;39;2213
59;29;63;35;2213
62;29;67;35;2213
61;28;67;36;2213
63;27;69;37;2213
67;28;71;34;2213
65;26;73;37;2213
1;32;2;37;2213
0;31;3;38;2213
2;28;8;41;2213
5;33;8;38;2213
5;32;8;38;2213
2;29;9;42;2213
8;33;9;38;2213
5;31;12;42;2213
9;34;13;38;2213
9;31;15;41;2213
13;31;17;39;2213
13;31;18;39;2213
17;31;22;39;2213
16;27;23;42;2213
20;32;23;37;2213
23;33;26;38;2213
25;32;30;38;2213
28;31;34;39;2213
65;29;73;40;2213
1;36;2;41;2213
1;34;4;42;2213
3;36;5;41;2213
3;34;6;42;2213
2;31;8;44;2213
5;35;8;40;2213
3;32;9;43;2213
8;36;11;41;2213
8;35;11;42;2213
6;34;13;44;2213
13;35;16;42;2213
15;34;18;41;2213
26;34;29;41;2213
29;35;34;42;2213
34;34;38;42;2213
32;33;38;45;2213
70;35;74;42;2213
69;34;75;42;2213
1;40;2;45;2213
0;38;3;46;2213
0;37;5;49;2213
3;41;5;45;2213
13;40;16;45;2213
16;40;17;45;2213
14;37;20;46;2213
25;40;28;45;2213
27;40;31;45;2213
30;38;33;45;2213
36;42;38;45;2213
42;36;52;49;2213
70;40;74;46;2213
69;39;75;45;2213
70;38;76;45;2213
1;42;2;47;2213
1;41;4;49;2213
0;40;5;51;2213
3;43;6;48;2213
9;43;13;48;2213
9;42;13;48;2213
8;39;14;50;2213
13;44;16;49;2213
11;40;17;51;2213
15;43;16;48;2213
15;43;18;49;2213
25;43;28;48;2213
30;43;33;48;2213
32;42;35;47;2213
36;42;38;47;2213
38;44;40;47;2213
37;42;42;49;2213
36;39;42;50;2213
43;43;49;49;2213
45;43;52;49;2213
43;41;52;50;2213
59;41;65;50;2213
62;43;67;49;2213
61;42;67;50;2213
64;43;67;49;2213
67;42;70;49;2213
66;42;72;49;2213
70;41;74;49;2213
77;43;80;48;2213
1;45;2;50;2213
1;44;4;52;2213
1;42;5;55;2213
3;45;6;52;2213
10;46;12;51;2213
9;43;15;56;2213
13;45;16;50;2213
13;45;17;52;2213
11;43;17;56;2213
15;46;16;49;2213
15;45;18;52;2213
13;42;20;55;2213
26;46;29;52;2213
31;45;34;51;2213
34;45;38;50;2213
38;47;40;50;2213
38;46;42;52;2213
37;45;43;54;2213
41;46;44;49;2213
39;45;44;52;2213
44;46;45;49;2213
45;48;48;51;2213
47;47;50;50;2213
51;47;52;50;2213
49;45;53;51;2213
54;47;59;53;2213
53;46;60;54;2213
56;47;61;53;2213
56;47;62;55;2213
59;46;63;52;2213
59;45;65;53;2213
62;46;65;51;2213
61;45;67;53;2213
63;46;67;51;2213
62;45;68;53;2213
67;46;70;51;2213
67;45;70;51;2213
65;43;71;52;2213
0;49;3;55;2213
0;46;5;59;2213
2;48;5;54;2213
9;49;13;56;2213
12;49;16;57;2213
16;50;17;53;2213
13;49;18;55;2213
18;50;21;55;2213
19;49;22;56;2213
31;49;34;53;2213
32;49;35;55;2213
34;48;39;56;2213
38;49;41;54;2213
50;49;53;55;2213
48;46;54;56;2213
53;49;55;52;2213
52;49;56;55;2213
55;49;58;54;2213
64;51;67;54;2213
64;48;70;57;2213
68;47;74;56;2213
0;52;2;57;2213
0;52;3;60;2213
-1;51;4;63;2213
3;52;5;56;2213
1;48;7;62;2213
5;52;8;56;2213
8;53;9;56;2213
7;52;12;58;2213
6;49;13;60;2213
15;53;16;56;2213
18;52;21;56;2213
18;51;23;57;2213
22;51;27;57;2213
21;49;27;59;2213
24;52;27;56;2213
30;52;33;57;2213
33;52;36;56;2213
35;52;38;57;2213
46;49;52;59;2213
49;51;55;59;2213
53;53;55;56;2213
51;52;57;60;2213
65;53;68;58;2213
62;52;68;60;2213
66;53;69;58;2213
64;52;70;60;2213
68;51;74;60;2213
1;55;4;63;2213
0;53;5;64;2213
2;55;5;63;2213
1;53;5;64;2213
5;56;7;60;2213
5;55;8;61;2213
2;52;9;64;2213
9;56;10;60;2213
8;54;13;60;2213
8;52;14;63;2213
10;53;16;61;2213
15;56;18;59;2213
17;56;20;60;2213
16;52;22;62;2213
19;54;23;60;2213
18;52;24;60;2213
25;56;27;59;2213
24;54;27;60;2213
23;51;29;62;2213
29;56;31;60;2213
29;56;34;62;2213
32;56;35;60;2213
35;56;38;60;2213
38;56;41;60;2213
42;56;45;60;2213
49;54;54;62;2213
51;54;57;62;2213
63;55;66;60;2213
64;56;67;60;2213
63;54;68;60;2213
63;53;69;63;2213
67;55;70;60;2213
64;53;70;63;2213
1;55;4;64;2213
1;54;5;65;2213
2;56;5;63;2213
1;52;5;65;2213
4;58;9;66;2213
3;56;9;68;2213
9;57;14;63;2213
8;52;16;65;2213
9;52;18;64;2213
10;55;21;67;2213
18;55;24;66;2213
25;57;28;63;2213
23;54;29;65;2213
28;59;30;62;2213
32;58;35;63;2213
35;59;38;63;2213
39;60;41;63;2213
38;58;41;64;2213
40;59;43;63;2213
45;60;48;64;2213
53;60;55;63;2213
52;59;56;65;2213
51;56;57;67;2213
55;59;56;62;2213
53;57;58;63;2213
52;55;60;66;2213
58;59;60;62;2213
57;58;60;64;2213
56;56;63;67;2213
60;58;63;64;2213
57;56;63;67;2213
63;60;65;63;2213
62;55;68;67;2213
63;55;69;67;2213
67;59;69;63;2213
66;58;69;64;2213
64;55;70;67;2213
85;59;88;63;2213
1;57;7;70;2213
4;63;9;69;2213
3;60;9;70;2213
5;62;10;68;2213
28;64;30;67;2213
27;63;31;69;2213
27;60;33;71;2213
29;60;34;68;2213
32;62;37;68;2213
30;59;38;71;2213
34;63;39;69;2213
33;60;41;71;2213
37;62;42;68;2213
36;60;42;71;2213
42;63;43;66;2213
42;62;45;67;2213
48;63;51;67;2213
51;63;52;67;2213
50;62;53;68;2213
49;60;55;70;2213
53;63;55;67;2213
50;60;58;70;2213
51;60;59;70;2213
58;64;60;67;2213
58;63;61;69;2213
56;60;63;70;2213
60;64;61;67;2213
59;62;62;68;2213
57;59;63;70;2213
63;63;65;67;2213
63;61;66;67;2213
67;64;69;67;2213
66;62;70;68;2213
64;58;72;72;2213
70;63;72;67;2213
70;61;74;67;2213
69;58;75;70;2213
74;63;75;67;2213
74;63;78;67;2213
72;60;80;72;2213
79;63;82;67;2213
27;66;31;70;2213
27;66;31;72;2213
26;65;32;74;2213
27;63;34;74;2213
30;64;38;75;2213
33;63;41;74;2213
37;66;42;72;2213
35;63;42;74;2213
41;66;42;69;2213
39;63;44;71;2213
42;66;45;70;2213
45;66;48;70;2213
47;64;52;70;2213
45;63;52;72;2213
49;65;53;71;2213
48;63;54;73;2213
49;62;57;71;2213
59;66;60;69;2213
58;64;61;70;2213
60;66;61;69;2213
59;65;62;70;2213
63;64;68;70;2213
63;60;70;73;2213
67;67;69;70;2213
66;65;70;71;2213
63;62;71;73;2213
69;64;74;70;2213
72;64;75;70;2213
70;60;78;73;2213
72;60;80;74;2213
77;65;80;70;2213
76;63;81;71;2213
74;60;83;74;2213
80;65;81;70;2213
84;66;85;70;2213
81;64;86;72;2213
81;61;87;74;2213
89;66;92;70;2213
92;67;96;71;2213
29;67;38;78;2213
34;68;38;74;2213
31;66;41;77;2213
38;68;41;73;2213
36;67;41;74;2213
34;66;41;75;2213
41;70;42;73;2213
39;68;44;74;2213
38;65;45;76;2213
42;68;47;74;2213
42;65;48;74;2213
43;68;48;74;2213
42;66;49;75;2213
47;68;52;74;2213
46;67;52;76;2213
49;68;54;74;2213
49;67;55;75;2213
57;68;60;73;2213
72;63;80;76;2213
74;63;82;78;2213
78;67;82;75;2213
76;63;84;78;2213
82;69;85;74;2213
81;68;86;74;2213
85;68;88;73;2213
84;68;89;74;2213
84;65;90;76;2213
87;67;92;74;2213
86;65;92;74;2213
89;69;92;74;2213
89;67;93;74;2213
87;67;95;74;2213
92;70;96;73;2213
92;68;96;74;2213
90;67;98;75;2213
95;70;98;73;2213
92;68;99;76;2213
94;67;100;75;2213
28;67;38;78;2213
30;69;38;78;2213
42;70;46;77;2213
48;71;52;78;2213
47;70;53;78;2213
80;68;88;78;2213
83;70;88;77;2213
83;68;89;78;2213
86;68;92;78;2213
89;70;93;77;2213
89;69;95;78;2213
90;70;98;78;2213
20;79;23;84;2213
15;87;18;93;2213
18;88;20;91;2213
83;85;89;95;2213
85;86;90;94;2213
14;85;20;98;2213
16;88;23;96;2213
0;92;5;98;2213
15;87;24;98;2213
1;96;4;99;2213
0;94;5;100;2213
2;-2;13;16;2213
22;-1;33;15;2213
27;-2;38;14;2213
34;-2;42;11;2213
51;-2;57;11;2213
56;-1;64;13;2213
39;5;45;17;2213
55;2;63;16;2213
57;11;65;25;2213
56;10;66;26;2213
53;14;63;30;2213
34;25;42;36;2213
32;23;43;39;2213
40;23;52;38;2213
42;23;53;35;2213
42;21;54;37;2213
56;21;67;37;2213
0;27;8;45;2213
-1;23;10;49;2213
33;33;41;45;2213
31;31;42;48;2213
38;31;49;44;2213
38;30;52;45;2213
45;27;59;45;2213
52;30;62;44;2213
58;31;66;43;2213
63;28;74;44;2213
0;34;9;55;2213
32;36;42;52;2213
39;38;49;49;2213
38;37;50;51;2213
58;38;66;50;2213
56;34;68;53;2213
62;35;74;54;2213
1;40;10;59;2213
38;44;50;58;2213
42;42;54;56;2213
49;45;56;56;2213
45;43;60;59;2213
53;45;61;56;2213
61;43;75;63;2213
-1;45;9;65;2213
50;51;58;60;2213
47;49;60;64;2213
52;49;63;64;2213
59;50;67;61;2213
61;48;77;70;2213
88;49;97;67;2213
92;49;101;66;2213
-1;52;7;67;2213
-2;49;8;70;2213
4;52;12;68;2213
2;49;13;70;2213
8;52;17;66;2213
6;49;19;67;2213
12;55;21;67;2213
18;56;27;68;2213
24;55;32;67;2213
23;52;34;70;2213
28;55;41;70;2213
49;57;57;68;2213
53;56;61;67;2213
51;53;63;70;2213
58;56;67;68;2213
57;51;71;71;2213
63;55;74;69;2213
62;50;79;72;2213
81;55;93;72;2213
86;55;97;70;2213
93;56;99;67;2213
90;53;101;70;2213
-2;58;10;77;2213
27;63;40;78;2213
31;62;43;76;2213
48;63;57;74;2213
45;60;60;78;2213
52;62;61;74;2213
49;59;63;78;2213
58;60;67;74;2213
56;56;71;78;2213
83;63;92;74;2213
80;60;94;78;2213
88;63;96;75;2213
92;63;100;75;2213
89;60;102;79;2213
29;70;38;81;2213
27;67;40;81;2213
32;70;40;81;2213
31;68;42;82;2213
39;69;47;81;2213
37;67;49;84;2213
77;67;88;81;2213
83;70;92;82;2213
81;67;95;84;2213
88;70;97;82;2213
92;70;101;83;2213
89;67;103;86;2213
13;78;23;93;2213
12;77;26;96;2213
82;79;92;92;2213
81;78;95;92;2213
92;77;101;91;2213
88;74;102;95;2213
67;-2;81;20;2213
0;7;14;31;2213
76;6;90;30;2213
87;5;101;31;2213
1;17;13;44;2213
18;18;32;43;2213
38;18;52;42;2213
60;19;75;45;2213
36;30;53;56;2213
47;31;64;58;2213
58;33;77;61;2213
63;33;84;63;2213
26;44;45;69;2213
63;46;83;74;2213
85;42;103;69;2213
85;70;103;93;2213
34;-1;39;5;2087
34;-1;42;9;2087
45;-1;49;5;2087
31;1;38;12;2087
40;1;48;12;2087
78;2;83;8;2087
22;3;28;16;2087
80;5;88;19;2087
83;5;89;17;2087
52;6;59;17;2087
45;9;52;20;2087
58;16;61;21;2087
46;17;52;25;2087
48;10;56;24;2087
53;16;60;27;2087
48;23;52;29;2087
3;27;5;31;2087
1;23;7;36;2087
31;26;36;32;2087
41;23;52;34;2087
2;28;5;36;2087
13;28;18;36;2087
19;29;20;34;2087
29;28;37;39;2087
63;29;68;35;2087
3;31;6;38;2087
31;33;37;41;2087
0;31;5;44;2087
27;34;31;41;2087
36;34;42;47;2087
67;38;70;45;2087
40;43;45;49;2087
42;42;49;49;2087
59;42;63;49;2087
46;43;54;52;2087
9;49;13;54;2087
51;48;57;56;2087
2;51;6;59;2087
30;56;33;60;2087
7;59;12;65;2087
21;54;27;65;2087
1;60;4;68;2087
0;56;6;69;2087
2;60;6;68;2087
5;60;12;70;2087
38;63;40;67;2087
52;62;56;68;2087
62;59;68;70;2087
29;66;34;72;2087
34;66;39;72;2087
63;66;64;69;2087
65;67;67;70;2087
67;61;75;72;2087
74;64;78;70;2087
27;67;31;74;2087
28;67;36;76;2087
31;68;37;74;2087
66;67;70;74;2087
68;68;73;74;2087
74;68;78;74;2087
76;67;81;75;2087
31;70;37;77;2087
34;70;38;77;2087
31;68;39;78;2087
36;70;41;77;2087
43;70;48;77;2087
49;70;54;77;2087
81;70;86;77;2087
86;70;91;77;2087
92;70;96;77;2087
93;70;98;77;2087
63;76;67;81;2087
20;78;23;85;2087
16;82;21;89;2087
19;86;23;94;2087
83;85;89;93;2087
0;89;3;95;2087
15;88;20;96;2087
17;88;23;96;2087
85;87;90;95;2087
0;92;6;100;2087
2;95;6;99;2087
31;-2;42;15;2087
49;27;63;46;2087
56;27;68;46;2087
-1;-4;13;20;2087
77;-3;91;20;2087
18;31;32;57;2087
46;42;67;70;2087
32;0;35;3;1968
37;-1;42;5;1968
35;-1;43;9;1968
39;-1;44;5;1968
38;-1;45;9;1968
42;-1;46;5;1968
40;-1;48;9;1968
45;1;48;4;1968
48;-1;51;4;1968
67;0;70;3;1968
29;3;32;6;1968
32;2;35;7;1968
31;2;36;8;1968
35;3;38;8;1968
37;2;42;9;1968
40;2;45;9;1968
42;2;47;10;1968
44;2;49;8;1968
43;1;49;10;1968
49;2;52;7;1968
49;3;52;8;1968
77;2;80;7;1968
79;2;82;7;1968
78;0;84;9;1968
82;2;85;7;1968
81;0;87;9;1968
85;2;88;7;1968
84;2;89;8;1968
83;1;89;10;1968
23;5;25;10;1968
22;5;27;13;1968
31;6;32;11;1968
35;5;38;12;1968
38;6;41;13;1968
39;6;42;13;1968
42;6;45;13;1968
45;7;48;12;1968
54;5;57;12;1968
62;5;65;12;1968
82;7;85;12;1968
23;9;25;13;1968
27;9;30;16;1968
30;9;33;15;1968
34;10;38;16;1968
42;8;45;14;1968
45;10;48;15;1968
48;9;51;14;1968
54;9;57;15;1968
60;9;63;14;1968
13;13;16;18;1968
40;11;43;17;1968
44;13;45;16;1968
41;11;45;19;1968
40;8;46;20;1968
57;12;60;18;1968
39;14;44;22;1968
42;16;46;22;1968
40;13;48;25;1968
45;14;49;22;1968
61;16;64;22;1968
38;18;45;26;1968
41;19;47;27;1968
40;17;49;30;1968
43;19;49;27;1968
42;17;51;30;1968
52;18;56;23;1968
50;13;56;25;1968
54;19;57;25;1968
2;22;5;27;1968
35;22;38;27;1968
36;17;42;30;1968
48;23;51;27;1968
49;23;52;27;1968
52;20;59;30;1968
57;21;60;27;1968
5;26;8;31;1968
7;26;10;31;1968
10;26;13;31;1968
18;25;21;31;1968
30;26;33;31;1968
31;23;37;34;1968
35;24;40;32;1968
34;23;41;34;1968
45;25;51;31;1968
60;26;63;31;1968
2;29;5;34;1968
1;26;7;40;1968
13;29;16;34;1968
15;30;16;34;1968
27;31;31;35;1968
31;29;37;37;1968
41;24;52;37;1968
41;25;52;36;1968
60;29;63;35;1968
58;28;64;36;1968
62;29;65;34;1968
63;30;67;34;1968
67;30;70;33;1968
0;28;5;41;1968
2;33;5;38;1968
13;32;16;38;1968
15;34;18;38;1968
17;34;20;38;1968
27;32;30;38;1968
33;31;39;44;1968
61;31;67;38;1968
63;31;68;38;1968
62;30;70;39;1968
67;32;71;38;1968
70;33;73;38;1968
33;36;36;42;1968
39;31;50;45;1968
41;29;52;45;1968
66;36;70;42;1968
66;34;72;43;1968
38;41;40;44;1968
37;38;42;45;1968
38;34;48;48;1968
40;35;51;48;1968
43;39;49;47;1968
45;39;52;47;1968
42;36;53;49;1968
56;36;62;47;1968
59;38;63;45;1968
58;36;64;47;1968
61;39;66;45;1968
60;37;67;46;1968
63;39;68;45;1968
67;39;70;44;1968
66;38;72;45;1968
70;41;74;45;1968
13;42;20;52;1968
41;45;44;48;1968
40;41;46;50;1968
42;40;50;49;1968
44;45;47;48;1968
48;45;51;48;1968
49;42;53;49;1968
45;41;53;50;1968
56;42;61;49;1968
56;41;62;50;1968
60;43;63;48;1968
62;44;65;49;1968
64;44;67;49;1968
63;42;69;50;1968
67;43;70;48;1968
39;45;45;54;1968
53;46;55;49;1968
52;45;56;51;1968
51;44;57;53;1968
54;47;57;50;1968
57;48;60;51;1968
60;47;62;50;1968
13;50;16;53;1968
35;49;38;54;1968
9;53;13;58;1968
13;53;16;56;1968
23;52;26;56;1968
1;55;2;61;1968
2;56;5;60;1968
9;55;13;60;1968
12;56;15;60;1968
20;56;23;60;1968
23;55;27;60;1968
23;55;27;61;1968
21;53;27;63;1968
2;57;3;63;1968
5;60;7;63;1968
7;60;10;64;1968
6;56;13;67;1968
9;60;13;63;1968
12;59;15;62;1968
10;56;16;63;1968
15;60;18;63;1968
13;58;20;64;1968
16;58;21;64;1968
15;56;23;67;1968
19;57;23;63;1968
22;57;27;63;1968
26;60;27;63;1968
30;58;33;63;1968
2;63;3;67;1968
5;63;8;67;1968
6;62;9;67;1968
9;62;13;68;1968
7;59;15;71;1968
12;61;16;67;1968
9;58;19;70;1968
20;60;27;72;1968
26;63;27;67;1968
25;62;28;68;1968
23;60;30;70;1968
30;63;33;67;1968
33;63;36;67;1968
35;63;38;67;1968
54;63;56;67;1968
52;62;57;68;1968
3;64;8;70;1968
3;62;9;71;1968
5;63;13;72;1968
9;65;13;71;1968
7;62;15;73;1968
10;61;20;74;1968
12;63;23;74;1968
19;63;27;74;1968
27;67;28;70;1968
26;65;29;71;1968
24;64;31;75;1968
30;66;33;70;1968
31;67;36;73;1968
38;67;41;71;1968
49;67;50;70;1968
50;67;52;70;1968
53;67;55;70;1968
52;64;56;70;1968
55;67;56;70;1968
53;64;58;70;1968
52;62;59;71;1968
56;62;63;71;1968
57;62;63;71;1968
63;64;66;70;1968
60;61;68;72;1968
70;67;72;70;1968
73;65;74;70;1968
75;66;77;69;1968
12;65;21;74;1968
25;68;30;74;1968
24;66;31;75;1968
27;67;33;76;1968
29;67;35;75;1968
34;69;38;72;1968
43;69;46;74;1968
45;70;47;73;1968
48;70;51;73;1968
50;70;53;73;1968
53;70;55;74;1968
52;69;56;74;1968
49;67;57;75;1968
55;70;56;72;1968
53;69;58;74;1968
57;70;59;73;1968
56;67;62;74;1968
60;70;61;73;1968
60;68;63;73;1968
63;70;64;74;1968
61;69;66;74;1968
63;67;68;74;1968
62;66;70;75;1968
67;69;70;72;1968
64;67;70;74;1968
70;70;72;72;1968
67;67;74;76;1968
72;70;74;73;1968
72;68;75;74;1968
70;66;77;75;1968
75;70;77;73;1968
78;70;79;73;1968
80;70;81;73;1968
87;69;90;74;1968
24;67;31;78;1968
26;67;34;78;1968
30;70;36;78;1968
38;73;40;76;1968
34;67;41;78;1968
40;73;43;76;1968
40;70;45;77;1968
39;68;45;78;1968
42;73;45;76;1968
41;68;47;76;1968
45;72;48;75;1968
42;69;49;77;1968
48;71;51;76;1968
49;70;55;78;1968
51;70;56;77;1968
52;72;57;77;1968
56;72;61;77;1968
59;72;63;77;1968
61;71;66;76;1968
63;70;68;77;1968
62;70;70;78;1968
66;70;70;77;1968
64;70;72;78;1968
68;72;73;77;1968
76;70;81;77;1968
76;68;82;78;1968
78;70;82;77;1968
76;67;84;78;1968
85;71;88;76;1968
88;72;89;75;1968
89;72;92;75;1968
92;72;96;75;1968
94;71;97;76;1968
92;70;99;78;1968
96;70;99;77;1968
94;70;100;78;1968
6;75;11;81;1968
9;76;13;81;1968
20;77;22;80;1968
19;76;23;82;1968
28;77;30;80;1968
27;75;31;81;1968
27;73;33;82;1968
30;74;34;80;1968
29;71;37;81;1968
31;74;37;81;1968
31;73;37;81;1968
34;74;38;81;1968
33;74;39;81;1968
36;75;41;81;1968
44;74;49;81;1968
43;73;49;81;1968
47;75;52;81;1968
47;74;53;82;1968
49;75;55;81;1968
48;74;56;82;1968
52;75;56;81;1968
53;77;58;81;1968
56;77;61;81;1968
59;76;63;81;1968
62;77;65;80;1968
61;76;66;81;1968
64;77;67;80;1968
61;75;69;83;1968
66;75;70;81;1968
80;73;86;82;1968
85;77;88;80;1968
84;74;89;81;1968
83;73;89;82;1968
88;77;89;80;1968
86;75;91;81;1968
85;74;92;83;1968
89;74;93;81;1968
89;74;95;81;1968
91;74;97;82;1968
93;74;99;83;1968
97;77;100;83;1968
28;77;34;85;1968
99;78;100;83;1968
97;78;100;85;1968
1;84;2;87;1968
0;81;3;89;1968
10;85;12;86;1968
13;85;15;87;1968
13;83;16;89;1968
18;83;20;86;1968
16;81;23;93;1968
19;82;23;89;1968
18;81;24;93;1968
84;82;89;90;1968
82;82;89;93;1968
97;80;100;88;1968
1;86;2;89;1968
0;85;3;91;1968
13;86;16;92;1968
15;87;16;90;1968
13;85;20;97;1968
20;86;23;91;1968
21;85;26;92;1968
19;83;28;96;1968
82;84;87;92;1968
82;84;89;93;1968
87;87;90;92;1968
84;85;90;95;1968
88;86;92;92;1968
86;85;94;96;1968
92;84;99;96;1968
97;85;100;93;1968
1;91;2;94;1968
0;86;5;97;1968
14;89;16;93;1968
13;87;16;95;1968
16;89;17;92;1968
17;89;20;92;1968
16;85;29;99;1968
81;85;89;96;1968
84;86;90;96;1968
84;85;90;95;1968
86;87;94;96;1968
1;92;2;97;1968
0;91;6;99;1968
13;91;20;97;1968
13;87;21;98;1968
16;89;23;97;1968
15;87;26;98;1968
2;96;5;99;1968
2;94;8;100;1968
3;95;9;99;1968
3;94;9;100;1968
7;96;10;99;1968
5;95;10;99;1968
4;93;10;99;1968
9;96;13;99;1968
8;94;13;99;1968
13;96;16;99;1968
13;94;17;99;1968
14;96;17;99;1968
14;94;19;99;1968
13;91;20;99;1968
16;89;23;99;1968
18;93;24;99;1968
16;91;25;99;1968
81;90;89;99;1968
83;91;91;100;1968
98;96;99;98;1968
40;10;46;23;1968
40;17;49;30;1968
46;23;57;37;1968
52;23;62;37;1968
52;20;63;38;1968
42;30;54;42;1968
41;28;55;44;1968
46;29;57;43;1968
42;38;53;49;1968
41;36;55;52;1968
46;37;57;49;1968
45;35;59;52;1968
52;38;62;50;1968
50;34;64;53;1968
51;42;63;60;1968
59;45;67;56;1968
56;43;69;60;1968
57;48;70;65;1968
10;52;23;68;1968
16;52;29;70;1968
47;54;60;71;1968
0;61;8;75;1968
3;62;13;74;1968
8;63;17;75;1968
5;60;20;78;1968
13;63;23;76;1968
10;62;24;78;1968
17;63;27;76;1968
15;61;29;78;1968
24;63;34;76;1968
22;61;36;78;1968
85;60;98;78;1968
-2;71;8;84;1968
-3;68;11;87;1968
7;70;18;85;1968
5;69;20;88;1968
13;70;23;85;1968
11;68;25;87;1968
16;70;27;84;1968
15;68;29;87;1968
23;70;34;82;1968
43;69;52;81;1968
41;67;55;84;1968
85;67;99;85;1968
-2;74;12;94;1968
3;76;14;90;1968
1;74;16;94;1968
78;78;89;91;1968
87;78;98;91;1968
85;77;99;94;1968
2;78;17;98;1968
14;81;23;97;1968
81;82;94;96;1968
1;83;16;103;1968
85;82;99;103;1968
90;86;101;102;1968
87;82;103;104;1968
4;-5;27;29;1968
59;-2;73;18;1968
68;6;82;30;1968
27;17;41;42;1968
49;18;63;43;1968
62;13;89;53;1968
69;13;94;52;1968
5;24;23;67;1968
60;31;89;70;1968
74;33;92;60;1968
4;34;24;74;1968
85;54;103;81;1968
79;65;107;98;1968
43;1;45;4;1856
36;20;41;28;1856
42;23;49;31;1856
45;22;52;30;1856
53;22;58;28;1856
42;24;50;32;1856
34;28;39;36;1856
34;32;38;42;1856
41;27;52;42;1856
62;31;67;38;1856
40;38;45;45;1856
42;38;48;46;1856
56;38;61;45;1856
44;45;45;48;1856
51;44;52;47;1856
52;42;56;49;1856
53;42;58;49;1856
2;57;5;63;1856
21;62;26;70;1856
1;63;4;70;1856
7;64;12;70;1856
21;66;26;72;1856
35;67;38;70;1856
9;67;13;74;1856
12;67;16;74;1856
13;67;20;74;1856
27;69;31;74;1856
19;72;23;78;1856
25;70;30;77;1856
27;70;32;76;1856
62;72;65;75;1856
70;72;72;75;1856
74;71;78;78;1856
82;71;85;76;1856
25;75;28;81;1856
31;76;34;79;1856
40;77;43;80;1856
39;75;44;80;1856
42;76;45;79;1856
42;74;46;79;1856
57;78;60;81;1856
69;75;74;81;1856
78;74;83;81;1856
81;74;86;81;1856
92;75;96;81;1856
94;75;99;81;1856
99;78;100;81;1856
96;75;102;85;1856
0;77;3;85;1856
6;78;11;85;1856
9;78;13;85;1856
18;80;20;83;1856
18;78;21;85;1856
18;78;24;87;1856
29;78;34;84;1856
63;78;68;85;1856
89;78;93;85;1856
6;81;11;88;1856
9;82;13;89;1856
10;81;16;93;1856
15;83;18;89;1856
85;84;90;90;1856
99;82;100;85;1856
-1;82;4;93;1856
6;85;11;92;1856
10;86;13;92;1856
37;85;42;92;1856
96;83;101;96;1856
13;86;17;97;1856
84;87;90;95;1856
89;89;93;95;1856
12;91;16;97;1856
5;96;8;99;1856
12;92;18;99;1856
16;92;22;99;1856
20;96;23;99;1856
85;93;90;99;1856
88;95;94;99;1856
82;84;92;95;1856
2;87;13;101;1856
17;-2;31;20;1856
17;7;31;31;1856
34;43;55;70;1856
63;51;83;79;1856
85;81;103;104;1856
38;0;41;3;1749
41;1;42;4;1749
37;2;40;7;1749
41;3;42;6;1749
42;4;45;7;1749
45;2;48;7;1749
32;7;35;12;1749
60;5;64;11;1749
50;9;55;20;1749
34;12;38;18;1749
51;9;57;22;1749
41;16;42;20;1749
43;17;45;20;1749
45;16;48;20;1749
44;13;52;23;1749
49;16;50;20;1749
55;16;56;21;1749
53;15;56;23;1749
52;13;58;25;1749
64;16;67;21;1749
41;20;42;23;1749
48;20;51;24;1749
50;19;53;23;1749
51;16;56;23;1749
38;22;41;27;1749
39;21;45;29;1749
38;20;49;32;1749
52;23;56;29;1749
50;21;56;31;1749
54;23;57;27;1749
32;26;35;31;1749
36;26;39;32;1749
37;24;42;32;1749
36;22;42;34;1749
42;24;49;32;1749
45;23;55;33;1749
57;23;62;31;1749
56;20;63;31;1749
30;31;33;35;1749
34;27;40;38;1749
42;26;53;37;1749
57;30;62;36;1749
56;28;63;38;1749
30;31;33;38;1749
32;33;35;39;1749
40;27;51;41;1749
44;29;53;42;1749
57;31;62;38;1749
56;31;63;40;1749
59;31;63;38;1749
57;31;63;38;1749
63;33;66;38;1749
63;32;67;37;1749
67;34;70;37;1749
35;37;38;42;1749
37;34;42;42;1749
35;31;42;44;1749
38;30;48;44;1749
42;34;48;42;1749
43;34;49;42;1749
46;34;51;41;1749
43;31;54;45;1749
56;34;61;41;1749
56;33;63;42;1749
58;34;63;41;1749
58;33;64;42;1749
61;34;66;41;1749
60;33;67;42;1749
63;35;68;42;1749
63;34;70;42;1749
67;37;70;42;1749
70;37;74;40;1749
41;41;44;44;1749
49;41;50;44;1749
49;39;53;45;1749
45;35;55;48;1749
52;38;56;45;1749
53;38;58;45;1749
52;36;59;47;1749
62;40;65;45;1749
64;39;67;44;1749
63;38;69;47;1749
53;45;55;46;1749
50;41;56;50;1749
54;44;57;47;1749
53;42;60;49;1749
57;44;60;47;1749
17;59;20;63;1749
20;58;23;63;1749
23;59;24;62;1749
2;63;5;67;1749
10;63;12;67;1749
13;63;16;66;1749
13;62;20;68;1749
12;60;21;72;1749
16;63;22;69;1749
13;61;24;72;1749
18;62;24;70;1749
16;60;26;73;1749
23;64;25;67;1749
1;66;2;69;1749
-1;60;5;71;1749
2;64;7;70;1749
2;62;9;71;1749
5;65;8;70;1749
9;66;13;70;1749
13;65;17;71;1749
14;65;20;71;1749
13;64;25;75;1749
18;66;24;72;1749
16;63;25;74;1749
23;67;25;70;1749
33;67;36;71;1749
1;70;2;73;1749
1;68;4;74;1749
6;68;11;74;1749
5;67;13;74;1749
8;66;14;75;1749
11;66;19;75;1749
13;67;25;76;1749
17;67;23;74;1749
15;66;26;75;1749
21;67;26;73;1749
18;64;27;75;1749
27;70;28;73;1749
31;68;34;73;1749
32;68;35;73;1749
52;67;58;75;1749
58;67;64;74;1749
60;66;67;75;1749
65;69;67;72;1749
1;73;4;79;1749
6;72;11;78;1749
9;72;13;77;1749
12;72;16;77;1749
14;72;19;77;1749
16;72;21;78;1749
20;74;22;76;1749
16;70;25;80;1749
20;70;27;79;1749
26;74;27;75;1749
28;72;30;75;1749
30;73;33;76;1749
32;72;35;77;1749
35;73;38;76;1749
50;71;53;76;1749
52;72;56;75;1749
49;71;57;78;1749
55;72;56;75;1749
52;70;58;78;1749
58;72;60;75;1749
55;70;61;78;1749
60;72;63;75;1749
58;71;64;78;1749
60;70;67;78;1749
65;72;67;75;1749
67;72;69;75;1749
67;70;74;78;1749
71;72;76;77;1749
70;70;77;78;1749
75;72;77;75;1749
73;70;79;78;1749
78;72;79;75;1749
79;73;82;76;1749
98;72;99;75;1749
1;76;2;81;1749
1;75;4;81;1749
2;74;9;86;1749
3;76;9;82;1749
2;74;11;86;1749
7;77;10;80;1749
5;75;13;85;1749
9;77;13;80;1749
7;74;15;84;1749
11;76;16;81;1749
16;77;17;80;1749
15;77;18;81;1749
19;78;20;81;1749
18;77;21;81;1749
17;75;23;83;1749
23;77;25;80;1749
23;76;26;81;1749
25;77;28;80;1749
24;73;31;82;1749
31;77;34;80;1749
35;76;38;81;1749
38;77;41;80;1749
35;74;42;83;1749
38;73;44;81;1749
41;72;47;80;1749
45;76;48;79;1749
48;76;51;79;1749
50;76;53;79;1749
52;77;56;80;1749
50;76;58;82;1749
54;77;57;80;1749
51;76;59;82;1749
56;76;62;82;1749
60;77;63;80;1749
58;76;64;82;1749
60;76;67;82;1749
67;77;70;80;1749
64;74;72;82;1749
70;77;73;80;1749
67;75;75;83;1749
71;76;76;81;1749
75;76;77;79;1749
74;75;77;80;1749
79;76;82;79;1749
77;74;83;81;1749
82;77;85;80;1749
90;77;92;80;1749
92;77;96;80;1749
95;76;98;81;1749
1;78;2;83;1749
-1;75;5;88;1749
1;74;9;89;1749
3;78;9;85;1749
1;74;12;89;1749
8;79;9;82;1749
4;75;13;88;1749
10;79;12;82;1749
7;77;15;88;1749
11;78;16;85;1749
9;77;17;86;1749
16;80;17;83;1749
14;78;17;85;1749
16;77;23;86;1749
23;79;26;82;1749
23;78;26;83;1749
26;80;29;83;1749
25;79;30;84;1749
27;80;31;83;1749
27;79;31;84;1749
26;78;32;85;1749
30;79;33;82;1749
31;78;36;84;1749
31;75;37;85;1749
38;78;42;85;1749
36;78;42;87;1749
40;80;43;83;1749
38;79;43;85;1749
38;78;44;87;1749
42;79;45;82;1749
44;78;49;84;1749
43;76;51;85;1749
47;78;52;85;1749
46;77;54;86;1749
49;78;54;85;1749
48;77;56;86;1749
52;78;56;85;1749
53;78;58;85;1749
56;78;61;83;1749
61;78;66;85;1749
64;80;67;83;1749
62;78;70;85;1749
66;78;70;85;1749
64;78;72;87;1749
69;78;74;85;1749
67;77;75;88;1749
81;78;86;85;1749
81;79;87;87;1749
84;79;89;85;1749
82;79;89;89;1749
87;78;90;85;1749
90;80;92;83;1749
89;77;95;86;1749
92;78;96;84;1749
91;76;97;85;1749
93;76;99;87;1749
96;76;101;87;1749
-1;78;4;91;1749
2;81;6;89;1749
1;78;7;92;1749
2;77;11;91;1749
8;85;9;86;1749
5;78;13;91;1749
8;79;14;92;1749
16;84;17;87;1749
13;81;20;93;1749
20;82;23;87;1749
38;82;42;89;1749
36;79;44;92;1749
38;81;43;88;1749
42;81;50;92;1749
45;80;54;91;1749
82;83;87;91;1749
81;82;88;92;1749
84;82;90;93;1749
89;82;93;89;1749
87;81;93;92;1749
93;78;99;91;1749
96;78;101;90;1749
2;85;6;92;1749
1;81;9;94;1749
4;85;9;92;1749
8;87;9;90;1749
5;83;13;94;1749
11;88;13;91;1749
9;84;15;95;1749
13;85;17;96;1749
23;87;25;90;1749
23;85;29;92;1749
21;84;31;95;1749
37;86;40;89;1749
36;83;44;94;1749
36;83;44;94;1749
43;86;49;92;1749
42;85;50;94;1749
46;86;52;92;1749
45;85;54;94;1749
47;85;56;94;1749
49;85;59;94;1749
53;86;58;91;1749
52;84;60;93;1749
67;83;78;96;1749
79;85;84;92;1749
89;87;91;90;1749
92;86;96;92;1749
89;83;99;96;1749
94;87;99;93;1749
99;87;100;90;1749
2;89;7;96;1749
1;88;9;97;1749
4;89;9;96;1749
6;89;11;96;1749
10;91;12;94;1749
9;89;13;96;1749
20;90;23;93;1749
20;88;27;96;1749
41;89;50;96;1749
70;85;81;98;1749
81;88;88;96;1749
87;88;90;94;1749
90;90;92;93;1749
89;85;99;97;1749
91;85;100;98;1749
99;89;100;92;1749
97;88;100;94;1749
96;85;102;96;1749
2;92;8;99;1749
2;92;9;99;1749
3;92;9;99;1749
5;92;12;99;1749
9;92;13;97;1749
9;92;13;98;1749
13;92;16;96;1749
12;89;18;99;1749
15;93;18;96;1749
16;89;29;99;1749
81;89;89;99;1749
83;90;89;98;1749
82;89;90;98;1749
85;90;91;98;1749
83;88;91;97;1749
91;92;97;98;1749
89;89;99;99;1749
98;94;99;97;1749
96;92;99;98;1749
94;89;100;99;1749
7;93;13;99;1749
17;96;20;99;1749
21;94;27;99;1749
19;92;28;99;1749
23;95;30;99;1749
68;95;74;99;1749
81;93;88;99;1749
81;91;89;100;1749
83;92;89;99;1749
87;96;90;99;1749
90;97;92;99;1749
86;92;96;100;1749
93;97;95;99;1749
91;95;97;99;1749
89;92;98;100;1749
96;97;97;99;1749
93;95;98;99;1749
97;95;100;99;1749
95;92;101;100;1749
39;-2;47;11;1749
38;-4;49;15;1749
45;-2;51;10;1749
38;9;48;24;1749
2;59;14;78;1749
2;70;13;85;1749
1;68;15;89;1749
22;67;36;85;1749
67;66;78;81;1749
-2;76;9;90;1749
7;76;18;92;1749
6;74;20;94;1749
16;78;28;92;1749
76;77;90;92;1749
2;81;15;96;1749
9;81;20;96;1749
8;78;22;98;1749
13;79;26;98;1749
79;84;89;95;1749
85;81;99;99;1749
90;83;101;97;1749
-2;89;8;103;1749
-3;85;11;105;1749
9;87;18;101;1749
7;83;21;103;1749
14;85;23;100;1749
13;81;26;102;1749
79;89;89;99;1749
82;87;92;99;1749
28;-4;44;20;1749
62;-8;87;31;1749
81;-11;107;30;1749
5;2;27;39;1749
60;7;74;29;1749
63;1;88;40;1749
5;13;25;54;1749
56;13;83;54;1749
81;13;103;51;1749
-2;25;18;69;1749
21;24;46;62;1749
56;28;84;70;1749
81;25;103;64;1749
-2;34;16;76;1749
18;42;34;67;1749
-1;52;13;81;1749
7;53;23;81;1749
4;48;27;89;1749
27;57;47;81;1749
72;52;91;80;1749
74;67;95;92;1749
-3;81;14;106;1749
16;81;37;105;1749
55;12;56;16;1649
42;23;50;31;1649
48;25;54;31;1649
43;31;49;39;1649
45;36;47;39;1649
55;40;56;43;1649
15;66;23;72;1649
2;68;7;74;1649
4;68;9;74;1649
16;67;22;74;1649
3;72;9;78;1649
22;72;27;78;1649
73;73;74;76;1649
76;74;81;81;1649
2;78;7;85;1649
34;78;39;84;1649
38;80;42;83;1649
42;78;46;85;1649
45;79;48;82;1649
59;78;63;83;1649
85;78;92;87;1649
95;78;98;84;1649
4;81;9;88;1649
22;82;27;89;1649
24;81;29;88;1649
27;81;31;88;1649
37;80;43;91;1649
42;81;46;88;1649
44;81;49;88;1649
46;81;52;88;1649
56;81;60;88;1649
61;81;66;87;1649
87;85;89;86;1649
92;81;96;88;1649
94;81;99;88;1649
3;87;5;90;1649
26;85;32;92;1649
35;85;40;92;1649
38;85;42;92;1649
42;85;46;92;1649
49;87;54;92;1649
52;86;56;91;1649
56;86;61;92;1649
68;85;74;92;1649
93;89;95;90;1649
37;88;43;94;1649
43;90;49;95;1649
73;89;79;95;1649
79;87;84;95;1649
94;89;99;95;1649
16;90;24;98;1649
20;92;27;98;1649
79;91;84;99;1649
81;90;88;98;1649
88;92;94;98;1649
92;92;99;98;1649
26;95;32;99;1649
45;95;53;99;1649
43;93;54;99;1649
60;95;67;99;1649
63;95;69;99;1649
65;95;71;99;1649
70;95;77;99;1649
73;95;79;99;1649
78;93;83;99;1649
44;16;53;30;1649
45;20;58;38;1649
40;5;54;27;1649
59;2;63;8;1554
53;11;56;19;1554
42;20;45;24;1554
45;20;48;24;1554
49;15;55;24;1554
41;23;42;27;1554
43;23;46;28;1554
44;23;47;27;1554
52;23;56;27;1554
37;27;40;31;1554
41;27;44;30;1554
40;24;46;32;1554
39;23;49;35;1554
48;27;51;31;1554
51;25;56;31;1554
49;23;57;34;1554
52;25;57;31;1554
51;22;57;33;1554
57;26;60;31;1554
32;30;35;34;1554
35;30;38;34;1554
37;28;42;36;1554
36;26;42;38;1554
39;26;49;38;1554
42;27;49;34;1554
42;27;50;34;1554
45;28;52;34;1554
48;29;54;35;1554
45;27;56;38;1554
49;26;57;37;1554
52;27;58;38;1554
35;33;38;38;1554
37;31;42;39;1554
35;30;42;42;1554
39;28;47;42;1554
42;31;48;39;1554
45;31;52;39;1554
48;33;54;39;1554
45;30;56;42;1554
49;29;58;42;1554
52;30;59;41;1554
57;32;60;37;1554
60;31;63;38;1554
38;36;40;39;1554
40;34;45;41;1554
43;36;45;39;1554
49;36;50;39;1554
51;37;52;38;1554
49;34;54;41;1554
46;31;56;43;1554
53;38;55;41;1554
52;36;56;42;1554
49;31;57;44;1554
53;34;58;41;1554
52;32;59;43;1554
57;35;60;40;1554
60;35;63;42;1554
62;35;65;40;1554
64;36;67;41;1554
43;41;45;44;1554
45;41;47;44;1554
51;42;52;43;1554
53;40;55;43;1554
50;35;56;46;1554
57;40;60;45;1554
60;39;63;44;1554
15;63;18;67;1554
16;63;20;67;1554
20;63;23;67;1554
3;65;6;70;1554
8;66;11;70;1554
13;67;16;70;1554
0;67;6;78;1554
1;67;9;76;1554
5;69;8;74;1554
2;66;10;75;1554
7;69;10;74;1554
9;69;13;74;1554
13;68;16;73;1554
15;69;18;72;1554
20;70;22;72;1554
23;69;25;72;1554
1;74;2;77;1554
0;71;6;82;1554
2;72;7;78;1554
1;71;9;82;1554
2;71;10;81;1554
7;72;10;77;1554
5;71;13;79;1554
9;73;13;76;1554
8;71;14;79;1554
13;73;15;76;1554
10;69;18;78;1554
16;74;17;77;1554
13;69;20;78;1554
18;74;20;75;1554
14;70;23;79;1554
23;74;25;76;1554
0;74;6;85;1554
2;76;7;82;1554
5;77;8;80;1554
13;77;14;80;1554
9;75;17;83;1554
13;74;19;82;1554
16;74;23;82;1554
21;74;27;82;1554
72;77;75;80;1554
70;75;77;83;1554
72;74;78;82;1554
78;76;79;79;1554
75;73;81;81;1554
5;79;7;82;1554
13;80;15;83;1554
13;77;19;86;1554
21;78;27;85;1554
24;78;31;85;1554
32;79;35;82;1554
35;79;38;82;1554
33;76;41;85;1554
40;77;46;86;1554
48;80;51;83;1554
51;80;52;83;1554
53;80;55;83;1554
50;77;58;86;1554
54;80;57;83;1554
52;78;60;85;1554
57;79;60;82;1554
55;78;61;85;1554
60;79;63;82;1554
58;78;64;85;1554
62;79;65;82;1554
60;78;67;85;1554
67;80;69;83;1554
70;79;72;82;1554
71;78;76;85;1554
78;78;83;85;1554
78;78;84;85;1554
82;80;85;83;1554
85;81;87;84;1554
88;80;89;83;1554
93;79;95;82;1554
96;79;97;82;1554
3;83;5;86;1554
5;83;7;86;1554
21;81;27;91;1554
23;81;30;89;1554
25;80;33;89;1554
29;81;34;87;1554
27;80;35;89;1554
31;78;38;89;1554
34;81;39;88;1554
33;78;41;91;1554
39;85;41;86;1554
39;82;42;85;1554
42;82;45;85;1554
39;81;47;90;1554
45;84;47;85;1554
49;84;50;85;1554
49;81;54;88;1554
48;79;56;90;1554
53;84;55;85;1554
52;81;56;88;1554
50;81;58;90;1554
55;83;56;85;1554
53;81;58;88;1554
52;81;60;90;1554
58;82;60;85;1554
55;81;61;90;1554
59;81;63;88;1554
63;82;64;85;1554
60;79;67;90;1554
65;83;67;85;1554
63;81;68;88;1554
62;80;70;91;1554
67;84;69;85;1554
66;81;70;88;1554
63;80;73;91;1554
70;83;72;85;1554
69;81;74;88;1554
67;79;76;92;1554
70;81;77;88;1554
68;79;78;92;1554
70;80;78;92;1554
79;83;84;89;1554
78;81;85;92;1554
82;83;85;88;1554
85;83;88;86;1554
89;85;91;86;1554
90;79;98;90;1554
96;83;97;86;1554
5;88;7;89;1554
2;83;12;94;1554
26;87;27;90;1554
28;88;30;89;1554
24;84;34;95;1554
28;86;34;92;1554
27;85;36;96;1554
31;86;36;92;1554
31;85;38;94;1554
37;89;38;90;1554
34;83;42;94;1554
39;86;42;89;1554
42;88;45;91;1554
40;84;48;93;1554
45;89;47;90;1554
49;89;50;90;1554
51;89;52;90;1554
53;88;55;89;1554
55;89;56;90;1554
58;88;60;89;1554
55;84;63;93;1554
59;86;63;92;1554
57;85;65;94;1554
61;86;66;92;1554
60;84;67;93;1554
65;89;67;90;1554
63;86;68;92;1554
62;84;71;93;1554
67;89;69;90;1554
65;86;71;92;1554
64;84;74;95;1554
70;88;72;89;1554
70;86;77;92;1554
68;83;79;96;1554
74;86;78;92;1554
70;84;80;96;1554
77;86;81;92;1554
76;83;82;96;1554
80;85;81;90;1554
79;84;85;95;1554
82;85;85;90;1554
85;87;88;92;1554
96;89;97;90;1554
3;91;5;94;1554
5;91;7;94;1554
2;89;10;98;1554
8;91;9;94;1554
5;89;12;96;1554
9;88;13;97;1554
23;90;25;93;1554
23;89;29;95;1554
20;86;32;99;1554
26;89;32;96;1554
23;87;34;98;1554
26;87;37;96;1554
31;89;37;95;1554
29;86;38;96;1554
35;89;40;95;1554
34;85;43;96;1554
36;85;45;96;1554
38;89;44;96;1554
36;87;45;96;1554
42;89;46;94;1554
39;88;49;96;1554
46;90;52;95;1554
42;89;55;97;1554
49;89;55;96;1554
45;89;58;98;1554
49;88;60;97;1554
52;89;59;94;1554
50;89;61;96;1554
56;90;62;95;1554
54;89;63;96;1554
56;89;65;96;1554
60;90;67;95;1554
59;89;68;96;1554
61;88;72;96;1554
65;89;71;94;1554
63;88;73;96;1554
68;89;74;95;1554
66;87;78;96;1554
70;89;77;95;1554
67;86;80;97;1554
78;90;79;93;1554
76;88;81;96;1554
75;85;81;98;1554
79;85;85;97;1554
82;89;85;94;1554
93;91;95;92;1554
91;88;97;94;1554
96;91;97;92;1554
2;94;5;97;1554
5;93;8;96;1554
2;92;10;99;1554
7;94;10;97;1554
4;92;12;99;1554
7;90;13;98;1554
17;92;20;96;1554
19;94;22;97;1554
23;92;30;99;1554
20;91;31;99;1554
26;93;32;98;1554
41;92;52;98;1554
42;92;56;99;1554
46;92;60;99;1554
65;93;71;98;1554
73;92;79;99;1554
69;89;81;100;1554
80;94;81;97;1554
78;89;85;100;1554
84;92;89;97;1554
87;93;90;96;1554
90;95;92;96;1554
85;89;95;99;1554
93;95;95;96;1554
96;95;97;96;1554
90;89;99;99;1554
23;96;26;98;1554
25;96;28;99;1554
21;93;31;99;1554
27;96;31;98;1554
24;94;34;100;1554
30;96;33;98;1554
28;95;34;99;1554
26;93;35;99;1554
31;95;37;99;1554
36;94;42;99;1554
34;92;44;99;1554
38;94;45;99;1554
36;92;45;98;1554
41;94;47;99;1554
38;93;49;99;1554
43;94;49;99;1554
42;93;51;99;1554
48;95;56;99;1554
45;93;57;99;1554
51;95;57;99;1554
48;93;59;99;1554
52;94;59;99;1554
50;93;61;99;1554
55;94;61;99;1554
53;93;63;99;1554
57;94;63;99;1554
56;93;65;99;1554
62;96;65;98;1554
58;93;67;99;1554
64;96;67;98;1554
60;93;70;99;1554
67;96;69;98;1554
63;94;72;100;1554
70;97;72;99;1554
67;94;76;100;1554
73;97;74;99;1554
68;93;78;101;1554
75;97;77;99;1554
70;92;80;100;1554
78;96;79;98;1554
76;94;81;99;1554
74;92;81;99;1554
80;96;81;99;1554
77;91;85;100;1554
82;96;85;99;1554
85;96;88;99;1554
91;92;99;100;1554
43;-3;54;14;1554
49;-2;59;14;1554
38;3;47;20;1554
49;6;57;22;1554
40;16;51;31;1554
63;60;81;84;1554
14;76;30;95;1554
21;77;34;91;1554
-2;82;9;96;1554
-2;79;12;99;1554
78;82;91;96;1554
86;82;97;96;1554
87;80;101;100;1554
80;85;94;100;1554
86;86;97;100;1554
38;-3;54;19;1554
34;-8;59;27;1554
48;-2;62;18;1554
70;-9;95;33;1554
-2;2;20;41;1554
27;6;42;30;1554
69;0;92;39;1554
82;0;104;39;1554
13;12;35;51;1554
45;14;67;50;1554
31;25;58;63;1554
45;27;70;66;1554
57;42;85;78;1554
60;44;85;78;1554
66;38;92;76;1554
81;36;106;74;1554
7;68;24;93;1554
7;81;26;106;1554
23;81;47;105;1554
70;-8;103;41;1554
39;28;45;36;1464
48;30;51;33;1464
52;28;56;34;1464
52;29;57;35;1464
58;31;61;35;1464
40;31;45;39;1464
46;34;48;37;1464
53;31;58;38;1464
2;69;5;74;1464
3;79;5;82;1464
73;78;78;85;1464
77;78;80;85;1464
80;80;81;83;1464
23;83;26;86;1464
25;83;28;86;1464
31;81;36;88;1464
51;84;52;85;1464
60;83;62;86;1464
76;82;81;89;1464
63;88;64;91;1464
73;88;74;89;1464
28;89;34;96;1464
45;91;48;92;1464
51;89;57;94;1464
57;90;63;95;1464
63;89;70;94;1464
75;90;77;93;1464
80;90;81;93;1464
27;93;35;98;1464
37;92;43;98;1464
38;92;45;98;1464
40;92;46;97;1464
42;93;50;98;1464
44;93;53;98;1464
47;92;56;99;1464
49;92;59;99;1464
55;92;63;99;1464
56;92;64;99;1464
63;93;69;98;1464
68;92;76;99;1464
70;92;78;99;1464
75;92;81;99;1464
74;89;82;100;1464
34;95;40;99;1464
38;97;41;99;1464
42;96;45;98;1464
48;97;51;99;1464
27;77;38;89;1464
-5;-9;20;29;1464
47;7;61;27;1464
23;38;49;73;1464
57;52;79;80;1464
62;-16;110;54;1464
55;-21;117;63;1464
61;2;66;8;1378
43;27;46;31;1378
44;26;49;31;1378
50;26;53;31;1378
38;29;40;34;1378
40;31;43;34;1378
43;29;46;34;1378
45;29;48;34;1378
50;31;53;34;1378
38;34;40;37;1378
42;34;45;37;1378
49;34;50;37;1378
51;35;52;37;1378
52;32;56;38;1378
42;36;43;39;1378
54;37;56;40;1378
15;66;18;70;1378
17;67;20;70;1378
20;67;23;70;1378
17;69;20;72;1378
2;73;5;76;1378
5;71;8;76;1378
2;77;5;80;1378
73;79;74;82;1378
69;77;77;88;1378
75;80;77;83;1378
70;77;78;88;1378
78;79;79;82;1378
75;77;81;86;1378
27;83;31;86;1378
31;83;32;85;1378
33;84;34;85;1378
36;84;38;85;1378
57;80;65;91;1378
73;84;74;85;1378
75;83;77;86;1378
73;81;78;88;1378
78;84;79;87;1378
75;79;81;92;1378
80;83;81;86;1378
93;84;95;85;1378
31;89;32;90;1378
33;89;34;90;1378
60;88;62;91;1378
75;89;77;90;1378
78;87;80;90;1378
26;92;27;93;1378
28;92;30;93;1378
33;91;34;92;1378
36;90;38;93;1378
38;89;41;92;1378
40;91;43;94;1378
42;91;45;94;1378
49;92;50;93;1378
51;92;52;93;1378
53;91;55;92;1378
55;91;56;92;1378
57;90;60;93;1378
62;90;65;93;1378
67;91;70;92;1378
70;91;72;92;1378
73;91;74;92;1378
85;89;88;93;1378
23;94;26;97;1378
25;94;28;97;1378
27;95;30;96;1378
23;91;34;99;1378
25;91;38;99;1378
31;92;37;97;1378
27;90;39;98;1378
35;90;45;98;1378
35;90;46;98;1378
38;92;49;98;1378
44;92;58;99;1378
52;93;60;98;1378
49;92;62;99;1378
52;92;63;99;1378
60;94;63;97;1378
55;92;64;99;1378
60;93;67;98;1378
59;92;68;99;1378
64;95;67;96;1378
60;92;71;98;1378
67;95;70;96;1378
62;91;73;99;1378
70;95;72;96;1378
65;91;78;99;1378
73;95;74;96;1378
67;90;80;99;1378
75;95;77;96;1378
78;94;79;97;1378
82;92;85;96;1378
33;97;34;99;1378
27;93;38;99;1378
36;97;38;99;1378
31;92;42;100;1378
40;96;43;98;1378
45;96;48;98;1378
51;97;52;99;1378
53;96;55;98;1378
54;96;57;98;1378
57;97;60;99;1378
60;96;63;98;1378
46;6;52;20;1378
48;70;57;82;1378
52;70;61;83;1378
38;78;47;92;1378
15;79;29;98;1378
77;85;91;101;1378
11;-6;36;28;1378
54;-8;79;28;1378
43;2;65;34;1378
56;1;81;38;1378
-2;12;18;56;1378
23;11;45;47;1378
34;13;57;47;1378
13;25;37;63;1378
30;38;60;75;1378
42;37;72;76;1378
-4;46;16;89;1378
17;56;36;81;1378
24;53;52;85;1378
35;57;56;81;1378
59;47;85;83;1378
79;47;107;86;1378
-2;68;14;93;1378
54;66;78;92;1378
63;64;83;92;1378
-7;74;20;110;1378
3;76;31;110;1378
63;79;83;104;1378
76;80;95;103;1378
80;76;107;109;1378
47;13;50;17;1298
52;27;56;31;1298
54;26;57;31;1298
42;34;43;37;1298
64;91;67;92;1298
34;92;41;98;1298
67;28;94;67;1298
3;63;30;99;1298
52;30;56;33;1223
54;31;57;34;1223
53;34;55;37;1223
54;34;57;37;1223
31;92;32;93;1223
60;91;63;94;1223
30;95;33;96;1223
31;95;34;96;1223
35;94;38;96;1223
32;89;43;99;1223
38;93;42;96;1223
40;93;43;96;1223
42;94;45;96;1223
45;94;48;97;1223
47;95;50;96;1223
50;95;53;96;1223
52;95;56;96;1223
54;95;57;96;1223
57;94;60;97;1223
62;94;65;97;1223
46;5;54;21;1223
49;12;56;26;1223
45;67;60;86;1223
57;69;67;83;1223
63;67;74;81;1223
19;75;36;94;1223
24;74;40;92;1223
34;78;43;90;1223
35;75;49;94;1223
71;76;82;90;1223
16;82;27;96;1223
23;-8;48;27;1223
42;-8;67;27;1223
13;2;34;38;1223
35;0;57;33;1223
31;52;61;85;1223
54;49;84;83;1223
49;61;81;96;1223
70;62;98;96;1223
13;78;41;109;1223
35;81;60;104;1223
-4;-8;29;41;1223
70;63;107;109;1223
16;85;27;101;1151
34;69;60;91;1151
49;74;80;107;1151
-11;-17;38;53;1151
55;-6;89;42;1151
48;8;52;19;1084
48;11;52;19;1084
47;13;53;22;1084
49;67;64;86;1084
60;62;76;84;1084
15;82;29;103;1084
23;1;45;35;1084
15;37;40;73;1084
14;51;42;87;1084
44;56;67;82;1084
40;52;74;86;1084
66;46;94;85;1084
31;76;66;107;1084
-18;-23;45;62;1084
-5;62;28;109;1084
71;74;99;107;1020
16;39;49;83;1020
45;15;54;29;960
48;12;57;27;960
42;77;54;91;960
18;80;35;99;960
37;83;48;96;960
18;84;35;104;960
-5;63;18;100;960
17;70;38;93;960
58;59;86;95;960
58;74;88;108;960
68;14;101;61;960
-17;39;45;124;960
31;67;71;104;960
14;65;42;98;903
-13;49;36;120;903
61;48;111;118;903
52;10;55;15;850
52;15;55;21;850
54;65;70;85;850
31;75;45;92;850
40;74;56;93;850
68;74;84;92;850
26;82;38;96;850
23;80;40;99;850
25;70;47;92;850
22;66;53;96;850
39;64;74;96;850
20;78;52;109;850
53;78;77;103;850
49;-11;97;55;850
-2;13;26;64;850
15;13;46;60;850
33;43;69;82;850
13;66;52;107;850
71;88;82;100;800
67;85;84;103;752
31;66;66;94;752
39;75;74;107;752
13;-7;45;38;752
40;-15;103;63;752
57;17;90;63;752
-3;34;25;85;752
52;36;116;119;752
43;68;68;92;707
44;80;69;103;707
50;9;55;15;666
65;77;78;91;666
20;82;34;96;666
39;81;58;98;666
21;87;34;103;666
26;88;38;102;666
33;-7;66;37;666
33;16;66;60;666
69;37;102;82;666
70;84;83;96;626
23;84;40;104;589
33;88;44;102;589
38;88;49;102;589
-8;3;34;74;589
61;5;107;73;589
5;-13;53;52;553
27;-15;77;51;553
9;52;60;114;553
33;82;44;96;521
63;83;78;97;521
67;81;84;99;521
64;87;77;101;521
-1;-16;60;63;521
20;-17;85;64;521
-13;-4;42;79;521
56;2;109;78;521
-13;17;42;100;521
48;61;87;103;521
25;52;78;111;490
49;14;54;20;460
46;77;59;91;460
62;74;79;94;460
61;83;78;103;460
-9;24;35;95;460
46;88;60;102;433
61;26;107;92;433
52;12;55;18;407
61;81;78;100;407
2;40;69;117;407
60;77;73;91;382
56;77;68;91;360
36;80;50;97;360
40;84;57;104;360
10;28;59;92;360
5;22;64;97;360
54;39;87;80;360
8;5;53;72;337
27;34;77;92;337
52;20;109;96;337
44;74;63;93;318
31;81;45;98;318
31;84;45;103;318
4;0;59;77;318
27;9;76;72;318
18;41;87;113;318
41;82;55;96;298
42;88;56;102;298
52;10;96;71;298
42;47;93;110;298
51;77;63;91;281
58;74;75;95;281
35;85;51;103;281
60;87;74;103;281
23;2;84;78;281
51;87;65;103;264
22;26;85;96;264
49;12;54;18;248
44;84;63;104;248
36;37;99;110;248
43;81;63;99;219
46;83;60;97;206
45;5;99;75;206
55;87;69;103;193
49;84;67;104;170
58;83;75;103;150
49;74;66;94;141
60;83;74;97;141
48;31;93;88;141
49;81;67;99;132
56;81;75;99;118
42;26;96;92;118
52;74;70;95;104
52;84;70;104;104
51;83;65;97;92
52;81;70;99;81
55;83;69;97;76
